3 Mo,6 Mo,1 Yr,2 Yr,3 Yr,5 Yr,7 Yr,10 Yr,20 Yr,30 Yr
1.54,1.57,1.56,1.58,1.59,1.67,1.79,1.88,2.19,2.33
1.52,1.55,1.55,1.53,1.54,1.59,1.71,1.8,2.11,2.26
1.56,1.56,1.54,1.54,1.56,1.61,1.72,1.81,2.13,2.28
1.54,1.56,1.53,1.54,1.55,1.62,1.74,1.83,2.16,2.31
1.54,1.56,1.55,1.58,1.61,1.67,1.78,1.87,2.21,2.35
1.54,1.56,1.54,1.58,1.59,1.65,1.77,1.85,2.17,2.38
1.54,1.55,1.53,1.56,1.59,1.63,1.74,1.83,2.14,2.28
1.57,1.57,1.53,1.58,1.6,1.65,1.76,1.85,2.16,2.3
1.57,1.57,1.53,1.58,1.59,1.63,1.74,1.82,2.12,2.27
1.57,1.58,1.54,1.56,1.56,1.6,1.71,1.79,2.09,2.23
1.55,1.56,1.54,1.58,1.58,1.63,1.73,1.81,2.11,2.26
1.56,1.57,1.56,1.58,1.56,1.63,1.74,1.84,2.16,2.29
1.56,1.57,1.54,1.53,1.53,1.57,1.69,1.78,2.1,2.23
1.55,1.56,1.55,1.53,1.52,1.57,1.68,1.77,2.07,2.22
1.55,1.56,1.55,1.51,1.51,1.55,1.65,1.74,2.03,2.18
1.54,1.55,1.55,1.49,1.48,1.51,1.61,1.7,2,2.14
1.55,1.57,1.53,1.44,1.41,1.44,1.52,1.61,1.91,2.05
1.57,1.58,1.53,1.45,1.45,1.47,1.56,1.65,1.95,2.1
1.56,1.57,1.51,1.42,1.39,1.41,1.51,1.6,1.89,2.05
1.57,1.57,1.48,1.41,1.37,1.39,1.49,1.57,1.88,2.04
1.55,1.54,1.45,1.33,1.3,1.32,1.42,1.51,1.83,1.99
1.57,1.56,1.46,1.36,1.34,1.35,1.45,1.54,1.84,2.01
1.57,1.57,1.48,1.41,1.4,1.42,1.52,1.61,1.91,2.08
1.57,1.57,1.49,1.44,1.43,1.46,1.57,1.66,1.97,2.14
1.57,1.58,1.51,1.44,1.43,1.45,1.56,1.65,1.94,2.11
1.56,1.57,1.49,1.41,1.39,1.41,1.51,1.59,1.89,2.05
1.58,1.58,1.45,1.37,1.36,1.38,1.47,1.56,1.87,2.03
1.57,1.55,1.48,1.41,1.39,1.4,1.5,1.59,1.89,2.05
1.58,1.56,1.49,1.44,1.42,1.45,1.55,1.62,1.93,2.09
1.59,1.56,1.48,1.44,1.42,1.43,1.53,1.61,1.91,2.07
1.58,1.56,1.49,1.42,1.4,1.42,1.51,1.59,1.89,2.04
1.58,1.56,1.47,1.41,1.37,1.39,1.48,1.55,1.85,2
1.58,1.56,1.47,1.42,1.39,1.41,1.5,1.56,1.86,2.01
1.58,1.55,1.46,1.39,1.35,1.37,1.45,1.52,1.81,1.97
1.56,1.53,1.43,1.34,1.3,1.3,1.39,1.46,1.75,1.9
1.53,1.49,1.35,1.26,1.21,1.21,1.3,1.38,1.68,1.84
1.53,1.47,1.3,1.2,1.16,1.16,1.25,1.33,1.63,1.8
1.53,1.42,1.26,1.16,1.14,1.14,1.25,1.33,1.64,1.81
1.45,1.33,1.18,1.11,1.08,1.11,1.22,1.3,1.61,1.79
1.27,1.11,0.97,0.86,0.85,0.89,1.03,1.13,1.46,1.65
1.13,0.95,0.89,0.84,0.85,0.88,1.01,1.1,1.46,1.66
0.95,0.83,0.73,0.71,0.72,0.77,0.91,1.02,1.44,1.64
0.72,0.68,0.59,0.67,0.68,0.75,0.9,1.02,1.45,1.67
0.62,0.53,0.48,0.59,0.61,0.67,0.81,0.92,1.34,1.56
0.45,0.41,0.39,0.49,0.53,0.58,0.69,0.74,1.09,1.25
0.33,0.27,0.31,0.38,0.4,0.46,0.56,0.54,0.87,0.99
0.44,0.43,0.43,0.5,0.58,0.63,0.73,0.76,1.16,1.28
0.42,0.4,0.4,0.5,0.58,0.66,0.78,0.82,1.13,1.3
0.33,0.37,0.39,0.5,0.58,0.66,0.82,0.88,1.27,1.49
0.28,0.38,0.38,0.49,0.58,0.7,0.89,0.94,1.31,1.56
0.24,0.29,0.29,0.36,0.43,0.49,0.67,0.73,1.1,1.34
0.19,0.24,0.3,0.47,0.54,0.66,0.91,1.02,1.45,1.63
0.02,0.08,0.21,0.54,0.66,0.79,1.08,1.18,1.6,1.77
0.04,0.06,0.2,0.44,0.53,0.66,1,1.12,1.56,1.78
0.05,0.05,0.15,0.37,0.41,0.52,0.82,0.92,1.35,1.55
0.02,0.08,0.17,0.28,0.31,0.38,0.63,0.76,1.12,1.33
0.01,0.09,0.25,0.38,0.44,0.52,0.75,0.84,1.19,1.39
0,0.07,0.19,0.34,0.41,0.56,0.77,0.88,1.23,1.45
0,0.04,0.13,0.3,0.36,0.51,0.72,0.83,1.2,1.42
0.03,0.02,0.11,0.25,0.3,0.41,0.6,0.72,1.09,1.29
0.12,0.12,0.14,0.23,0.29,0.39,0.57,0.7,1.1,1.31
0.11,0.15,0.17,0.23,0.29,0.37,0.55,0.7,1.15,1.35
0.09,0.14,0.16,0.23,0.28,0.37,0.51,0.62,1.04,1.27
0.09,0.15,0.14,0.23,0.29,0.39,0.53,0.63,1.04,1.26
0.1,0.15,0.15,0.23,0.3,0.39,0.52,0.62,1.05,1.24
0.15,0.17,0.2,0.27,0.35,0.44,0.58,0.67,1.08,1.27
0.14,0.2,0.2,0.28,0.36,0.48,0.64,0.75,1.13,1.32
0.22,0.24,0.23,0.27,0.34,0.47,0.65,0.77,1.18,1.37
0.25,0.24,0.25,0.23,0.29,0.41,0.6,0.73,1.15,1.35
0.26,0.27,0.27,0.25,0.31,0.44,0.63,0.76,1.19,1.39
0.2,0.24,0.25,0.23,0.29,0.42,0.61,0.76,1.19,1.41
0.14,0.19,0.19,0.2,0.24,0.34,0.49,0.63,1.06,1.27
0.14,0.18,0.17,0.2,0.25,0.35,0.5,0.61,1.01,1.21
0.12,0.16,0.16,0.2,0.26,0.36,0.53,0.65,1.08,1.27
0.12,0.15,0.15,0.2,0.26,0.35,0.51,0.63,1.04,1.23
0.11,0.14,0.17,0.2,0.24,0.34,0.48,0.58,0.98,1.17
0.12,0.14,0.16,0.22,0.26,0.37,0.52,0.63,1.03,1.22
0.11,0.14,0.17,0.22,0.26,0.37,0.51,0.61,0.99,1.18
0.12,0.14,0.18,0.22,0.26,0.36,0.51,0.6,0.98,1.17
0.12,0.15,0.17,0.24,0.29,0.41,0.56,0.67,1.06,1.25
0.11,0.13,0.16,0.2,0.26,0.37,0.52,0.62,1,1.2
0.1,0.12,0.18,0.2,0.24,0.36,0.52,0.63,1.02,1.24
0.09,0.11,0.16,0.2,0.24,0.36,0.53,0.64,1.05,1.28
0.12,0.12,0.17,0.2,0.25,0.36,0.53,0.64,1.04,1.27
0.13,0.14,0.16,0.19,0.24,0.36,0.52,0.64,1.05,1.29
0.13,0.15,0.16,0.19,0.24,0.36,0.53,0.66,1.07,1.32
0.12,0.16,0.16,0.17,0.24,0.37,0.57,0.72,1.16,1.41
0.11,0.14,0.15,0.13,0.19,0.29,0.49,0.63,1.05,1.31
0.12,0.15,0.15,0.16,0.21,0.33,0.53,0.69,1.12,1.39
0.12,0.16,0.16,0.17,0.24,0.36,0.56,0.73,1.16,1.43
0.13,0.16,0.16,0.17,0.22,0.34,0.53,0.69,1.11,1.38
0.13,0.15,0.15,0.16,0.2,0.31,0.5,0.64,1.07,1.35
0.12,0.15,0.15,0.16,0.2,0.31,0.48,0.63,1.03,1.3
0.12,0.15,0.15,0.16,0.19,0.31,0.49,0.64,1.05,1.32
0.13,0.15,0.17,0.18,0.24,0.38,0.57,0.73,1.17,1.44
0.13,0.15,0.16,0.17,0.22,0.35,0.54,0.7,1.15,1.43
0.12,0.14,0.16,0.16,0.21,0.34,0.53,0.68,1.19,1.4
0.12,0.14,0.16,0.17,0.21,0.35,0.53,0.68,1.16,1.4
0.12,0.16,0.17,0.17,0.21,0.34,0.51,0.66,1.12,1.37
0.14,0.17,0.17,0.18,0.22,0.35,0.53,0.69,1.19,1.43
0.15,0.17,0.18,0.19,0.22,0.34,0.52,0.68,1.19,1.44
0.15,0.18,0.17,0.17,0.22,0.34,0.54,0.7,1.23,1.47
0.14,0.18,0.17,0.16,0.19,0.3,0.5,0.65,1.18,1.41
0.14,0.18,0.17,0.14,0.2,0.31,0.5,0.66,1.22,1.46
0.15,0.18,0.17,0.17,0.2,0.32,0.52,0.68,1.24,1.48
0.16,0.19,0.17,0.19,0.26,0.38,0.59,0.77,1.32,1.56
0.15,0.18,0.17,0.19,0.26,0.4,0.63,0.82,1.38,1.61
0.15,0.18,0.18,0.22,0.29,0.47,0.71,0.91,1.46,1.68
0.17,0.19,0.19,0.22,0.29,0.45,0.69,0.88,1.43,1.65
0.19,0.19,0.19,0.2,0.25,0.4,0.65,0.84,1.37,1.59
0.17,0.19,0.18,0.17,0.22,0.33,0.56,0.75,1.31,1.53
0.17,0.18,0.19,0.19,0.22,0.32,0.51,0.66,1.19,1.41
0.16,0.18,0.18,0.19,0.22,0.33,0.54,0.71,1.24,1.45
0.18,0.19,0.17,0.19,0.22,0.33,0.54,0.71,1.24,1.45
0.17,0.19,0.18,0.21,0.23,0.34,0.56,0.75,1.31,1.54
0.17,0.18,0.19,0.19,0.23,0.34,0.55,0.74,1.3,1.52
0.16,0.17,0.19,0.19,0.22,0.34,0.54,0.71,1.24,1.47
0.15,0.17,0.18,0.19,0.22,0.33,0.53,0.7,1.23,1.47
0.16,0.18,0.17,0.19,0.22,0.34,0.54,0.71,1.23,1.46
0.16,0.17,0.18,0.18,0.22,0.33,0.54,0.72,1.25,1.49
0.15,0.17,0.17,0.19,0.21,0.33,0.52,0.69,1.21,1.44
0.16,0.17,0.17,0.17,0.21,0.32,0.53,0.68,1.2,1.43
0.14,0.17,0.17,0.17,0.19,0.3,0.49,0.64,1.15,1.37
0.14,0.18,0.16,0.16,0.18,0.28,0.47,0.64,1.16,1.39
0.16,0.18,0.16,0.16,0.18,0.29,0.49,0.66,1.18,1.41
0.14,0.17,0.16,0.17,0.19,0.31,0.52,0.69,1.2,1.43
0.14,0.16,0.16,0.16,0.19,0.29,0.5,0.68,1.2,1.43
0.15,0.16,0.16,0.16,0.19,0.31,0.51,0.69,1.21,1.45
0.15,0.17,0.15,0.16,0.19,0.29,0.48,0.65,1.15,1.38
0.15,0.17,0.15,0.16,0.19,0.3,0.49,0.67,1.16,1.39
0.13,0.16,0.15,0.16,0.18,0.28,0.46,0.62,1.09,1.32
0.13,0.15,0.15,0.16,0.19,0.3,0.49,0.65,1.12,1.33
0.14,0.15,0.16,0.16,0.19,0.3,0.48,0.64,1.11,1.33
0.15,0.14,0.17,0.14,0.19,0.28,0.47,0.63,1.09,1.3
0.16,0.15,0.15,0.16,0.18,0.28,0.47,0.64,1.11,1.33
0.11,0.13,0.14,0.16,0.17,0.28,0.46,0.62,1.09,1.31
0.11,0.13,0.14,0.14,0.18,0.29,0.47,0.64,1.11,1.33
0.13,0.14,0.14,0.16,0.18,0.29,0.47,0.62,1.1,1.32
0.13,0.13,0.15,0.14,0.17,0.27,0.45,0.61,1.09,1.31
0.13,0.14,0.14,0.14,0.17,0.27,0.45,0.6,1.08,1.29
0.12,0.13,0.14,0.16,0.16,0.27,0.44,0.59,1.03,1.24
0.11,0.14,0.16,0.14,0.17,0.27,0.44,0.59,1.03,1.23
0.11,0.14,0.14,0.15,0.18,0.3,0.46,0.62,1.05,1.25
0.11,0.12,0.14,0.14,0.16,0.26,0.44,0.59,1.01,1.22
0.11,0.12,0.13,0.12,0.15,0.25,0.43,0.58,1.03,1.24
0.09,0.11,0.11,0.11,0.14,0.23,0.4,0.55,0.98,1.2
0.09,0.1,0.11,0.11,0.11,0.21,0.39,0.55,0.98,1.2
0.1,0.11,0.12,0.11,0.13,0.22,0.4,0.56,1.01,1.23
0.09,0.11,0.14,0.11,0.1,0.19,0.36,0.52,0.96,1.19
0.1,0.12,0.12,0.11,0.13,0.22,0.39,0.55,1,1.22
0.1,0.11,0.14,0.11,0.13,0.21,0.39,0.55,0.98,1.2
0.1,0.12,0.14,0.13,0.14,0.23,0.41,0.57,1.01,1.23
0.11,0.13,0.13,0.14,0.15,0.24,0.42,0.59,1.04,1.25
0.11,0.12,0.15,0.16,0.18,0.27,0.46,0.64,1.1,1.32
0.11,0.12,0.13,0.16,0.19,0.3,0.5,0.69,1.15,1.37
0.1,0.12,0.14,0.16,0.19,0.32,0.52,0.71,1.2,1.42
0.1,0.12,0.13,0.14,0.18,0.29,0.51,0.71,1.21,1.45
0.1,0.12,0.13,0.14,0.18,0.29,0.49,0.69,1.19,1.43
0.09,0.13,0.13,0.14,0.17,0.27,0.47,0.67,1.16,1.4
0.11,0.12,0.13,0.14,0.17,0.29,0.48,0.68,1.2,1.42
0.11,0.13,0.12,0.13,0.15,0.26,0.46,0.65,1.15,1.38
0.1,0.12,0.13,0.16,0.16,0.27,0.46,0.64,1.13,1.35
0.12,0.12,0.14,0.14,0.18,0.28,0.47,0.65,1.14,1.35
0.11,0.12,0.13,0.15,0.18,0.3,0.49,0.69,1.18,1.39
0.11,0.12,0.12,0.16,0.18,0.28,0.5,0.69,1.2,1.41
0.11,0.11,0.13,0.16,0.19,0.31,0.53,0.74,1.28,1.5
0.1,0.11,0.12,0.14,0.16,0.28,0.51,0.74,1.29,1.52
0.11,0.13,0.12,0.14,0.15,0.28,0.5,0.72,1.26,1.49
0.12,0.13,0.12,0.13,0.14,0.26,0.46,0.68,1.2,1.43
0.12,0.12,0.13,0.14,0.16,0.26,0.45,0.66,1.16,1.38
0.11,0.12,0.12,0.13,0.15,0.24,0.43,0.63,1.13,1.34
0.11,0.12,0.13,0.14,0.18,0.3,0.5,0.72,1.25,1.46
0.13,0.14,0.15,0.14,0.17,0.28,0.47,0.69,1.22,1.43
0.12,0.14,0.14,0.14,0.17,0.28,0.48,0.71,1.25,1.45
0.12,0.12,0.15,0.14,0.17,0.26,0.46,0.68,1.22,1.43
0.11,0.12,0.13,0.13,0.16,0.26,0.45,0.67,1.21,1.42
0.11,0.13,0.14,0.14,0.16,0.27,0.46,0.68,1.21,1.42
0.11,0.12,0.13,0.14,0.16,0.27,0.46,0.68,1.21,1.43
0.12,0.12,0.12,0.14,0.16,0.28,0.47,0.69,1.23,1.45
0.09,0.11,0.12,0.13,0.16,0.28,0.47,0.69,1.22,1.43
0.1,0.12,0.13,0.14,0.16,0.29,0.48,0.7,1.24,1.45
0.1,0.11,0.12,0.14,0.16,0.27,0.46,0.68,1.22,1.43
0.1,0.11,0.12,0.13,0.15,0.27,0.46,0.68,1.21,1.42
0.11,0.11,0.13,0.14,0.15,0.28,0.46,0.68,1.21,1.42
0.1,0.11,0.12,0.14,0.16,0.27,0.46,0.67,1.19,1.4
0.1,0.11,0.12,0.12,0.15,0.26,0.45,0.66,1.19,1.4
0.11,0.11,0.12,0.14,0.16,0.26,0.46,0.67,1.2,1.42
0.09,0.11,0.12,0.11,0.13,0.24,0.44,0.66,1.19,1.41
0.1,0.11,0.12,0.13,0.16,0.28,0.47,0.69,1.23,1.46
0.09,0.1,0.12,0.14,0.16,0.27,0.46,0.68,1.23,1.45
0.09,0.11,0.12,0.13,0.16,0.28,0.48,0.7,1.25,1.48
0.1,0.11,0.12,0.14,0.19,0.33,0.55,0.78,1.34,1.57
0.1,0.11,0.14,0.14,0.17,0.32,0.53,0.76,1.33,1.56
0.1,0.12,0.13,0.16,0.21,0.35,0.56,0.81,1.37,1.6
0.09,0.12,0.13,0.13,0.18,0.33,0.54,0.78,1.34,1.57
0.1,0.12,0.15,0.16,0.2,0.34,0.55,0.79,1.34,1.58
0.11,0.12,0.13,0.16,0.18,0.31,0.52,0.74,1.29,1.52
0.12,0.12,0.13,0.14,0.18,0.3,0.51,0.73,1.28,1.5
0.11,0.12,0.12,0.14,0.18,0.32,0.52,0.74,1.29,1.52
0.11,0.12,0.12,0.14,0.18,0.32,0.53,0.76,1.3,1.52
0.11,0.11,0.13,0.16,0.19,0.34,0.54,0.78,1.32,1.55
0.1,0.12,0.13,0.14,0.19,0.34,0.57,0.81,1.37,1.6
0.1,0.12,0.13,0.14,0.2,0.36,0.58,0.83,1.4,1.62
0.09,0.11,0.13,0.16,0.21,0.38,0.62,0.87,1.43,1.67
0.1,0.11,0.12,0.18,0.21,0.37,0.61,0.85,1.41,1.64
0.11,0.12,0.12,0.16,0.18,0.35,0.58,0.81,1.37,1.59
0.1,0.11,0.12,0.16,0.19,0.34,0.56,0.79,1.34,1.57
0.1,0.11,0.12,0.16,0.19,0.34,0.56,0.79,1.34,1.56
0.09,0.1,0.12,0.16,0.2,0.38,0.61,0.85,1.39,1.62
0.09,0.11,0.13,0.14,0.19,0.38,0.64,0.88,1.43,1.65
0.09,0.11,0.13,0.16,0.2,0.38,0.63,0.87,1.41,1.63
0.1,0.12,0.14,0.17,0.21,0.39,0.65,0.9,1.44,1.66
0.1,0.1,0.12,0.14,0.18,0.33,0.55,0.78,1.33,1.55
0.1,0.1,0.12,0.14,0.18,0.33,0.56,0.79,1.32,1.54
0.1,0.11,0.12,0.16,0.21,0.36,0.59,0.83,1.37,1.6
0.11,0.11,0.12,0.17,0.25,0.44,0.7,0.96,1.51,1.73
0.1,0.11,0.12,0.19,0.26,0.46,0.72,0.98,1.53,1.75
0.1,0.1,0.13,0.17,0.23,0.4,0.64,0.88,1.42,1.64
0.09,0.1,0.12,0.17,0.23,0.41,0.65,0.89,1.43,1.65
0.09,0.12,0.12,0.19,0.24,0.41,0.66,0.91,1.44,1.66
0.09,0.1,0.12,0.18,0.22,0.39,0.63,0.87,1.4,1.62
0.09,0.1,0.11,0.16,0.22,0.4,0.64,0.88,1.42,1.62
0.07,0.1,0.11,0.18,0.22,0.39,0.63,0.86,1.38,1.58
0.07,0.1,0.11,0.16,0.21,0.38,0.62,0.83,1.33,1.53
0.08,0.08,0.1,0.16,0.22,0.39,0.64,0.86,1.36,1.56
0.09,0.1,0.11,0.16,0.22,0.39,0.65,0.88,1.4,1.6
0.09,0.09,0.11,0.17,0.21,0.39,0.65,0.88,1.41,1.62
0.09,0.1,0.11,0.16,0.2,0.37,0.61,0.84,1.36,1.57
0.08,0.09,0.11,0.16,0.19,0.36,0.62,0.84,1.37,1.58
0.09,0.1,0.12,0.17,0.22,0.42,0.68,0.92,1.46,1.66
0.09,0.1,0.11,0.16,0.22,0.42,0.69,0.95,1.5,1.7
0.08,0.09,0.1,0.16,0.21,0.4,0.67,0.92,1.46,1.67
0.09,0.1,0.11,0.16,0.21,0.42,0.7,0.97,1.53,1.73
0.08,0.1,0.1,0.14,0.2,0.4,0.67,0.94,1.49,1.69
0.09,0.09,0.1,0.14,0.2,0.39,0.65,0.92,1.46,1.67
0.08,0.09,0.1,0.16,0.21,0.41,0.68,0.95,1.48,1.69
0.08,0.09,0.1,0.14,0.2,0.39,0.65,0.92,1.44,1.65
0.08,0.08,0.1,0.11,0.18,0.37,0.63,0.9,1.42,1.63
0.09,0.08,0.1,0.13,0.17,0.37,0.63,0.9,1.43,1.63
0.08,0.08,0.09,0.11,0.18,0.37,0.64,0.92,1.45,1.65
0.09,0.09,0.09,0.13,0.18,0.37,0.64,0.92,1.46,1.66
0.08,0.09,0.09,0.13,0.19,0.38,0.66,0.94,1.47,1.68
0.08,0.09,0.09,0.13,0.19,0.39,0.67,0.95,1.49,1.7
0.09,0.09,0.09,0.13,0.18,0.39,0.66,0.95,1.48,1.68
0.09,0.09,0.09,0.13,0.17,0.37,0.64,0.93,1.45,1.65
0.09,0.09,0.09,0.13,0.18,0.38,0.67,0.96,1.49,1.7
0.09,0.09,0.1,0.13,0.17,0.37,0.66,0.94,1.46,1.66
0.11,0.11,0.11,0.13,0.17,0.38,0.65,0.94,1.46,1.67
0.1,0.12,0.11,0.12,0.17,0.37,0.66,0.94,1.47,1.67
0.08,0.09,0.12,0.12,0.17,0.37,0.66,0.93,1.46,1.66
0.09,0.09,0.1,0.13,0.17,0.36,0.65,0.93,1.45,1.65
2.42,2.51,2.6,2.5,2.47,2.49,2.56,2.66,2.83,2.97
2.41,2.47,2.5,2.39,2.35,2.37,2.44,2.56,2.75,2.92
2.42,2.51,2.57,2.5,2.47,2.49,2.56,2.67,2.83,2.98
2.45,2.54,2.58,2.53,2.51,2.53,2.6,2.7,2.86,2.99
2.46,2.54,2.6,2.58,2.57,2.58,2.63,2.73,2.88,3
2.45,2.52,2.59,2.56,2.54,2.57,2.64,2.74,2.9,3.03
2.43,2.51,2.59,2.56,2.54,2.56,2.63,2.74,2.92,3.06
2.43,2.5,2.58,2.55,2.51,2.52,2.6,2.71,2.9,3.04
2.45,2.52,2.57,2.53,2.51,2.53,2.6,2.71,2.91,3.06
2.45,2.52,2.57,2.53,2.51,2.53,2.61,2.72,2.92,3.08
2.43,2.49,2.57,2.55,2.53,2.54,2.62,2.73,2.92,3.07
2.42,2.5,2.57,2.56,2.55,2.58,2.66,2.75,2.93,3.07
2.41,2.5,2.6,2.62,2.6,2.62,2.7,2.79,2.95,3.09
2.43,2.51,2.59,2.58,2.55,2.57,2.65,2.74,2.91,3.06
2.41,2.51,2.59,2.58,2.57,2.59,2.66,2.76,2.93,3.07
2.37,2.5,2.58,2.56,2.54,2.55,2.62,2.72,2.89,3.04
2.39,2.51,2.6,2.6,2.58,2.59,2.66,2.76,2.92,3.06
2.42,2.51,2.6,2.6,2.58,2.58,2.65,2.75,2.92,3.06
2.42,2.51,2.6,2.56,2.54,2.55,2.61,2.72,2.9,3.04
2.42,2.5,2.57,2.52,2.49,2.49,2.58,2.7,2.9,3.06
2.41,2.46,2.55,2.45,2.43,2.43,2.51,2.63,2.83,2.99
2.4,2.46,2.56,2.52,2.5,2.51,2.59,2.7,2.88,3.03
2.42,2.49,2.57,2.53,2.52,2.53,2.62,2.73,2.92,3.06
2.42,2.5,2.56,2.53,2.5,2.51,2.6,2.71,2.89,3.03
2.42,2.5,2.56,2.52,2.5,2.5,2.59,2.7,2.88,3.03
2.42,2.49,2.55,2.48,2.46,2.46,2.54,2.65,2.85,3
2.43,2.49,2.54,2.45,2.43,2.44,2.53,2.63,2.82,2.97
2.45,2.51,2.55,2.48,2.47,2.47,2.56,2.65,2.85,3
2.43,2.5,2.55,2.5,2.48,2.49,2.58,2.68,2.87,3.02
2.44,2.51,2.55,2.53,2.52,2.53,2.61,2.71,2.89,3.04
2.43,2.51,2.53,2.5,2.48,2.48,2.56,2.66,2.85,3.01
2.43,2.5,2.55,2.52,2.5,2.49,2.57,2.66,2.84,3
2.45,2.52,2.54,2.5,2.47,2.47,2.55,2.65,2.84,2.99
2.45,2.51,2.54,2.5,2.47,2.47,2.55,2.65,2.84,3
2.45,2.51,2.55,2.53,2.49,2.51,2.59,2.69,2.89,3.05
2.46,2.51,2.55,2.48,2.46,2.47,2.55,2.65,2.86,3.02
2.47,2.51,2.56,2.51,2.48,2.48,2.57,2.67,2.87,3.03
2.45,2.51,2.55,2.48,2.44,2.45,2.54,2.64,2.84,3.01
2.45,2.52,2.54,2.5,2.48,2.49,2.59,2.69,2.91,3.07
2.45,2.5,2.54,2.52,2.5,2.52,2.63,2.73,2.94,3.09
2.44,2.52,2.55,2.55,2.54,2.56,2.67,2.76,2.97,3.13
2.46,2.54,2.54,2.55,2.52,2.53,2.63,2.72,2.93,3.09
2.46,2.53,2.54,2.55,2.52,2.53,2.63,2.72,2.93,3.08
2.47,2.53,2.54,2.52,2.49,2.49,2.59,2.69,2.9,3.06
2.45,2.52,2.52,2.47,2.44,2.44,2.54,2.64,2.86,3.03
2.46,2.52,2.53,2.45,2.43,2.42,2.51,2.62,2.83,3
2.46,2.54,2.53,2.47,2.45,2.44,2.53,2.64,2.86,3.03
2.46,2.53,2.52,2.45,2.41,2.41,2.5,2.61,2.82,3
2.45,2.53,2.53,2.45,2.41,2.42,2.51,2.61,2.82,3.02
2.45,2.52,2.52,2.46,2.42,2.43,2.53,2.63,2.86,3.04
2.45,2.52,2.52,2.43,2.39,2.4,2.49,2.59,2.83,3.02
2.44,2.51,2.52,2.45,2.41,2.42,2.51,2.6,2.83,3.01
2.46,2.52,2.5,2.46,2.42,2.42,2.51,2.61,2.84,3.02
2.48,2.49,2.47,2.4,2.34,2.34,2.44,2.54,2.79,2.98
2.49,2.5,2.48,2.41,2.34,2.34,2.44,2.54,2.78,2.96
2.46,2.48,2.45,2.31,2.24,2.24,2.34,2.44,2.69,2.88
2.46,2.49,2.41,2.26,2.19,2.21,2.32,2.43,2.68,2.87
2.46,2.49,2.44,2.24,2.18,2.18,2.29,2.41,2.67,2.86
2.44,2.46,2.4,2.22,2.16,2.18,2.28,2.39,2.63,2.83
2.43,2.44,2.4,2.23,2.18,2.2,2.29,2.39,2.62,2.81
2.4,2.44,2.4,2.27,2.21,2.23,2.31,2.41,2.63,2.81
2.43,2.46,2.41,2.33,2.29,2.31,2.4,2.49,2.71,2.89
2.42,2.45,2.41,2.3,2.26,2.28,2.38,2.48,2.7,2.88
2.44,2.45,2.41,2.33,2.29,2.32,2.42,2.52,2.75,2.93
2.44,2.46,2.41,2.33,2.29,2.32,2.41,2.51,2.74,2.92
2.44,2.46,2.43,2.35,2.3,2.31,2.4,2.5,2.72,2.91
2.43,2.48,2.43,2.36,2.31,2.33,2.42,2.52,2.74,2.93
2.42,2.46,2.42,2.35,2.31,2.31,2.4,2.51,2.73,2.92
2.43,2.46,2.41,2.31,2.27,2.28,2.37,2.48,2.71,2.9
2.43,2.46,2.44,2.35,2.3,2.31,2.4,2.51,2.74,2.94
2.44,2.47,2.44,2.4,2.36,2.38,2.47,2.56,2.78,2.97
2.43,2.46,2.43,2.4,2.36,2.37,2.46,2.55,2.77,2.96
2.43,2.47,2.45,2.41,2.38,2.41,2.5,2.6,2.81,2.99
2.44,2.47,2.44,2.4,2.37,2.4,2.49,2.59,2.81,2.99
2.42,2.47,2.44,2.38,2.36,2.38,2.46,2.57,2.78,2.96
2.44,2.47,2.46,2.38,2.36,2.39,2.49,2.59,2.82,2.99
2.45,2.46,2.43,2.36,2.34,2.36,2.46,2.57,2.81,2.98
2.44,2.46,2.42,2.32,2.28,2.32,2.41,2.53,2.76,2.94
2.43,2.46,2.42,2.33,2.29,2.33,2.42,2.54,2.76,2.94
2.42,2.46,2.41,2.28,2.25,2.29,2.39,2.51,2.74,2.92
2.44,2.47,2.42,2.3,2.27,2.32,2.42,2.54,2.78,2.96
2.43,2.46,2.39,2.27,2.24,2.28,2.39,2.51,2.75,2.93
2.43,2.44,2.39,2.31,2.28,2.31,2.41,2.52,2.74,2.92
2.47,2.46,2.41,2.35,2.32,2.34,2.44,2.55,2.77,2.94
2.43,2.46,2.41,2.33,2.3,2.33,2.43,2.54,2.75,2.93
2.44,2.46,2.39,2.31,2.27,2.3,2.4,2.51,2.73,2.91
2.43,2.46,2.37,2.28,2.24,2.25,2.35,2.45,2.68,2.86
2.43,2.45,2.37,2.3,2.26,2.28,2.38,2.49,2.71,2.89
2.43,2.46,2.36,2.26,2.22,2.25,2.34,2.45,2.69,2.87
2.43,2.45,2.36,2.26,2.23,2.26,2.37,2.47,2.7,2.89
2.41,2.42,2.32,2.18,2.15,2.18,2.28,2.4,2.65,2.83
2.41,2.43,2.32,2.2,2.17,2.2,2.3,2.42,2.67,2.86
2.42,2.43,2.3,2.16,2.12,2.15,2.25,2.37,2.63,2.82
2.4,2.43,2.33,2.2,2.15,2.18,2.28,2.4,2.65,2.84
2.39,2.42,2.33,2.2,2.15,2.17,2.27,2.39,2.63,2.82
2.39,2.42,2.34,2.21,2.17,2.21,2.3,2.41,2.65,2.83
2.39,2.42,2.36,2.26,2.2,2.23,2.33,2.43,2.67,2.84
2.38,2.41,2.37,2.23,2.17,2.19,2.28,2.39,2.64,2.82
2.37,2.4,2.32,2.12,2.08,2.11,2.2,2.31,2.56,2.75
2.35,2.39,2.33,2.16,2.1,2.12,2.22,2.32,2.57,2.75
2.37,2.38,2.31,2.12,2.06,2.06,2.16,2.26,2.52,2.7
2.37,2.38,2.3,2.09,2.04,2.05,2.16,2.25,2.5,2.69
2.38,2.4,2.29,2.06,2,2.03,2.12,2.22,2.46,2.65
2.35,2.35,2.21,1.95,1.9,1.93,2.03,2.14,2.39,2.58
2.35,2.31,2.11,1.82,1.79,1.83,1.95,2.07,2.34,2.53
2.35,2.29,2.11,1.88,1.84,1.89,2.01,2.12,2.41,2.6
2.35,2.25,2.04,1.83,1.81,1.86,2,2.12,2.42,2.63
2.33,2.22,2.02,1.88,1.85,1.88,2.01,2.12,2.42,2.62
2.28,2.15,1.97,1.85,1.82,1.85,1.97,2.09,2.36,2.57
2.29,2.21,2.03,1.9,1.87,1.91,2.03,2.15,2.42,2.62
2.27,2.21,2.05,1.93,1.87,1.92,2.03,2.15,2.42,2.62
2.24,2.2,2.02,1.88,1.83,1.88,2,2.13,2.41,2.62
2.19,2.18,2,1.83,1.78,1.84,1.96,2.1,2.39,2.61
2.2,2.18,2,1.84,1.79,1.85,1.96,2.09,2.38,2.59
2.23,2.2,2.03,1.86,1.8,1.85,1.96,2.09,2.37,2.58
2.22,2.2,2.04,1.86,1.8,1.83,1.93,2.06,2.34,2.55
2.18,2.11,1.96,1.74,1.7,1.77,1.89,2.03,2.32,2.54
2.14,2.04,1.91,1.72,1.69,1.74,1.87,2.01,2.31,2.53
2.11,2.05,1.95,1.77,1.74,1.8,1.93,2.07,2.37,2.59
2.13,2.1,1.92,1.72,1.69,1.75,1.88,2.02,2.33,2.55
2.12,2.1,1.93,1.71,1.67,1.73,1.86,2,2.31,2.53
2.15,2.12,1.96,1.77,1.74,1.8,1.92,2.05,2.35,2.57
2.14,2.12,1.93,1.74,1.71,1.76,1.88,2.01,2.31,2.52
2.12,2.09,1.92,1.75,1.71,1.76,1.87,2,2.31,2.52
2.21,2.1,1.94,1.78,1.74,1.79,1.9,2.03,2.34,2.55
2.2,2.09,1.91,1.77,1.71,1.75,1.85,1.98,2.29,2.51
2.21,2.08,1.91,1.77,1.71,1.74,1.83,1.96,2.25,2.47
2.23,2.14,1.98,1.87,1.82,1.84,1.93,2.04,2.34,2.54
2.26,2.14,1.99,1.88,1.84,1.86,1.94,2.05,2.32,2.53
2.26,2.15,2,1.92,1.88,1.88,1.96,2.07,2.34,2.54
2.2,2.07,1.93,1.82,1.79,1.82,1.93,2.07,2.36,2.57
2.17,2.08,1.97,1.85,1.84,1.88,1.99,2.13,2.42,2.65
2.14,2.07,1.96,1.84,1.81,1.86,1.98,2.12,2.42,2.64
2.16,2.06,1.95,1.83,1.8,1.84,1.96,2.09,2.39,2.61
2.15,2.06,2,1.87,1.84,1.88,2,2.13,2.42,2.63
2.14,2.04,1.95,1.83,1.8,1.83,1.94,2.06,2.35,2.57
2.05,2.01,1.9,1.77,1.74,1.78,1.89,2.04,2.34,2.56
2.06,2.03,1.94,1.8,1.77,1.8,1.91,2.05,2.35,2.57
2.09,2.08,1.95,1.8,1.77,1.8,1.92,2.05,2.36,2.58
2.06,2.09,1.97,1.83,1.79,1.83,1.94,2.08,2.38,2.61
2.1,2.08,1.98,1.83,1.79,1.82,1.93,2.05,2.36,2.58
2.1,2.08,1.99,1.86,1.83,1.85,1.95,2.08,2.38,2.6
2.12,2.1,2,1.86,1.83,1.85,1.95,2.08,2.38,2.59
2.12,2.1,1.98,1.85,1.81,1.84,1.93,2.06,2.37,2.59
2.08,2.07,1.97,1.85,1.82,1.84,1.93,2.06,2.36,2.58
2.08,2.1,2,1.89,1.84,1.84,1.92,2.02,2.31,2.53
2.07,2.04,1.88,1.73,1.67,1.68,1.77,1.9,2.21,2.44
2.06,2.02,1.85,1.72,1.67,1.66,1.75,1.86,2.16,2.39
2.05,1.99,1.78,1.59,1.55,1.55,1.63,1.75,2.07,2.3
2.05,2,1.8,1.6,1.54,1.53,1.62,1.73,2.03,2.25
2.02,1.95,1.75,1.59,1.51,1.52,1.6,1.71,2.01,2.22
2.02,1.96,1.79,1.62,1.54,1.54,1.62,1.72,2.02,2.25
2,1.95,1.78,1.63,1.58,1.57,1.65,1.74,2.03,2.26
2,1.94,1.75,1.58,1.51,1.49,1.56,1.65,1.92,2.14
2,1.96,1.86,1.66,1.6,1.57,1.62,1.68,1.94,2.15
1.96,1.92,1.79,1.58,1.53,1.51,1.55,1.59,1.84,2.03
1.91,1.86,1.72,1.48,1.44,1.42,1.47,1.52,1.8,1.98
1.87,1.85,1.71,1.48,1.44,1.42,1.49,1.55,1.82,2.01
1.94,1.9,1.75,1.53,1.49,1.47,1.54,1.6,1.88,2.08
1.94,1.89,1.72,1.5,1.44,1.42,1.49,1.55,1.84,2.04
1.97,1.9,1.77,1.56,1.5,1.47,1.54,1.59,1.87,2.07
2,1.91,1.79,1.61,1.53,1.5,1.56,1.62,1.9,2.11
1.97,1.87,1.73,1.51,1.43,1.4,1.46,1.52,1.82,2.02
2.01,1.9,1.75,1.54,1.47,1.43,1.49,1.54,1.84,2.04
1.98,1.94,1.77,1.53,1.43,1.4,1.44,1.49,1.77,1.97
1.99,1.89,1.74,1.5,1.42,1.37,1.42,1.47,1.76,1.94
1.99,1.89,1.75,1.53,1.44,1.4,1.46,1.5,1.78,1.97
1.99,1.89,1.76,1.5,1.42,1.39,1.45,1.5,1.78,1.96
1.98,1.88,1.72,1.47,1.38,1.35,1.42,1.47,1.77,1.95
1.97,1.87,1.69,1.43,1.36,1.32,1.4,1.47,1.77,1.97
1.97,1.88,1.73,1.55,1.47,1.43,1.51,1.57,1.86,2.06
1.96,1.88,1.73,1.53,1.46,1.42,1.5,1.55,1.83,2.02
1.96,1.87,1.74,1.58,1.52,1.49,1.57,1.63,1.91,2.11
1.95,1.89,1.81,1.67,1.61,1.58,1.66,1.72,2,2.19
1.96,1.88,1.79,1.68,1.62,1.6,1.68,1.75,2.02,2.22
1.95,1.9,1.82,1.72,1.67,1.65,1.72,1.79,2.06,2.22
1.96,1.92,1.88,1.79,1.76,1.75,1.83,1.9,2.17,2.37
1.99,1.93,1.86,1.74,1.71,1.69,1.77,1.84,2.11,2.31
1.99,1.93,1.87,1.72,1.68,1.66,1.75,1.81,2.08,2.27
1.95,1.91,1.87,1.77,1.72,1.68,1.76,1.8,2.06,2.25
1.93,1.92,1.88,1.74,1.68,1.66,1.73,1.79,2.04,2.22
1.91,1.91,1.84,1.69,1.63,1.61,1.68,1.74,1.99,2.17
1.94,1.93,1.81,1.68,1.61,1.59,1.65,1.72,1.98,2.16
1.92,1.91,1.78,1.6,1.53,1.52,1.58,1.64,1.91,2.09
1.89,1.9,1.82,1.68,1.61,1.6,1.66,1.73,1.99,2.18
1.83,1.88,1.79,1.66,1.61,1.59,1.65,1.7,1.96,2.15
1.8,1.85,1.74,1.63,1.58,1.56,1.62,1.69,1.95,2.13
1.88,1.83,1.75,1.63,1.56,1.55,1.62,1.68,1.94,2.12
1.82,1.81,1.73,1.56,1.51,1.51,1.59,1.65,1.93,2.11
1.79,1.75,1.67,1.48,1.43,1.43,1.53,1.6,1.9,2.09
1.7,1.66,1.58,1.39,1.34,1.34,1.45,1.54,1.85,2.04
1.71,1.65,1.58,1.4,1.35,1.34,1.43,1.52,1.81,2.01
1.75,1.73,1.64,1.46,1.41,1.38,1.47,1.56,1.85,2.05
1.72,1.69,1.62,1.42,1.38,1.36,1.45,1.54,1.84,2.04
1.69,1.69,1.59,1.47,1.43,1.4,1.5,1.59,1.88,2.08
1.68,1.68,1.63,1.53,1.49,1.48,1.57,1.67,1.96,2.16
1.68,1.68,1.67,1.63,1.6,1.59,1.68,1.76,2.04,2.22
1.67,1.67,1.65,1.61,1.6,1.59,1.68,1.77,2.06,2.23
1.66,1.64,1.59,1.58,1.57,1.57,1.65,1.75,2.05,2.23
1.66,1.63,1.59,1.6,1.57,1.57,1.66,1.76,2.05,2.24
1.66,1.63,1.58,1.58,1.56,1.56,1.66,1.76,2.06,2.25
1.67,1.65,1.59,1.62,1.59,1.61,1.7,1.8,2.1,2.28
1.65,1.64,1.59,1.6,1.59,1.6,1.68,1.78,2.07,2.26
1.65,1.64,1.58,1.58,1.58,1.58,1.67,1.77,2.06,2.25
1.67,1.65,1.59,1.58,1.58,1.58,1.67,1.77,2.08,2.26
1.66,1.66,1.6,1.63,1.62,1.62,1.71,1.8,2.1,2.29
1.65,1.65,1.6,1.64,1.65,1.66,1.75,1.85,2.16,2.34
1.63,1.64,1.59,1.64,1.65,1.66,1.74,1.84,2.15,2.33
1.62,1.62,1.59,1.61,1.6,1.61,1.69,1.78,2.08,2.26
1.54,1.57,1.53,1.52,1.52,1.51,1.6,1.69,2,2.17
1.52,1.55,1.53,1.56,1.55,1.55,1.63,1.73,2.03,2.21
1.53,1.57,1.56,1.6,1.59,1.6,1.69,1.79,2.1,2.27
1.56,1.58,1.62,1.63,1.63,1.66,1.77,1.86,2.17,2.34
1.56,1.57,1.58,1.61,1.6,1.63,1.73,1.81,2.13,2.3
1.56,1.58,1.58,1.68,1.7,1.74,1.84,1.92,2.24,2.4
1.55,1.58,1.58,1.68,1.7,1.74,1.86,1.94,2.27,2.43
1.59,1.59,1.58,1.66,1.69,1.73,1.84,1.92,2.24,2.39
1.57,1.59,1.57,1.63,1.65,1.69,1.79,1.88,2.2,2.36
1.57,1.58,1.55,1.58,1.59,1.63,1.73,1.82,2.15,2.31
1.57,1.59,1.54,1.61,1.61,1.65,1.75,1.84,2.16,2.31
1.57,1.58,1.54,1.6,1.59,1.63,1.73,1.81,2.14,2.3
1.57,1.58,1.54,1.6,1.59,1.63,1.71,1.79,2.11,2.26
1.57,1.58,1.54,1.56,1.55,1.58,1.66,1.73,2.05,2.2
1.58,1.59,1.55,1.6,1.59,1.62,1.71,1.77,2.09,2.24
1.58,1.59,1.56,1.61,1.6,1.62,1.71,1.77,2.08,2.22
1.61,1.61,1.58,1.61,1.6,1.62,1.71,1.76,2.07,2.21
1.6,1.62,1.59,1.58,1.58,1.58,1.68,1.74,2.04,2.18
1.62,1.63,1.6,1.63,1.61,1.63,1.71,1.77,2.06,2.19
1.59,1.63,1.6,1.61,1.61,1.62,1.73,1.78,2.07,2.21
1.6,1.62,1.6,1.61,1.63,1.65,1.77,1.83,2.15,2.28
1.57,1.57,1.57,1.53,1.54,1.54,1.65,1.72,2.03,2.17
1.55,1.56,1.56,1.58,1.58,1.6,1.71,1.77,2.08,2.22
1.54,1.55,1.56,1.58,1.6,1.62,1.73,1.8,2.11,2.24
1.53,1.56,1.57,1.61,1.64,1.67,1.78,1.84,2.14,2.29
1.54,1.58,1.56,1.63,1.63,1.67,1.77,1.83,2.13,2.27
1.56,1.57,1.56,1.65,1.67,1.68,1.78,1.85,2.12,2.26
1.57,1.58,1.55,1.61,1.62,1.64,1.74,1.79,2.08,2.23
1.56,1.57,1.55,1.66,1.69,1.73,1.84,1.9,2.18,2.32
1.57,1.56,1.54,1.61,1.62,1.66,1.76,1.82,2.11,2.26
1.57,1.58,1.54,1.65,1.67,1.72,1.82,1.89,2.17,2.3
1.56,1.58,1.53,1.63,1.66,1.71,1.82,1.89,2.18,2.31
1.56,1.58,1.54,1.63,1.67,1.74,1.86,1.92,2.22,2.35
1.57,1.57,1.52,1.62,1.65,1.73,1.84,1.92,2.21,2.35
1.58,1.58,1.52,1.63,1.67,1.73,1.84,1.92,2.21,2.34
1.59,1.6,1.53,1.64,1.67,1.75,1.86,1.93,2.22,2.35
1.58,1.61,1.53,1.62,1.64,1.72,1.83,1.9,2.2,2.33
1.58,1.61,1.53,1.64,1.65,1.72,1.85,1.9,2.19,2.33
1.57,1.59,1.51,1.59,1.6,1.68,1.8,1.88,2.18,2.32
1.57,1.6,1.57,1.58,1.59,1.68,1.81,1.9,2.21,2.34
1.55,1.6,1.59,1.58,1.62,1.69,1.83,1.92,2.25,2.39
1.44,1.61,1.83,1.92,2.01,2.25,2.38,2.46,2.64,2.81
1.41,1.59,1.81,1.94,2.02,2.25,2.37,2.44,2.62,2.78
1.41,1.6,1.82,1.96,2.05,2.27,2.38,2.46,2.62,2.79
1.39,1.58,1.8,1.96,2.06,2.29,2.4,2.47,2.64,2.81
1.45,1.6,1.79,1.96,2.07,2.29,2.41,2.49,2.65,2.81
1.44,1.6,1.78,1.98,2.09,2.33,2.46,2.55,2.72,2.88
1.42,1.59,1.78,1.98,2.08,2.32,2.47,2.55,2.73,2.88
1.43,1.58,1.77,1.98,2.09,2.32,2.46,2.54,2.72,2.91
1.43,1.59,1.78,1.99,2.12,2.35,2.48,2.55,2.71,2.85
1.45,1.63,1.79,2.03,2.12,2.36,2.48,2.54,2.69,2.83
1.44,1.63,1.79,2.05,2.15,2.39,2.51,2.57,2.71,2.84
1.45,1.63,1.79,2.05,2.17,2.43,2.55,2.62,2.77,2.9
1.44,1.62,1.79,2.06,2.2,2.45,2.57,2.64,2.78,2.91
1.44,1.65,1.79,2.08,2.21,2.46,2.59,2.66,2.79,2.93
1.44,1.63,1.78,2.06,2.18,2.43,2.55,2.63,2.77,2.9
1.43,1.63,1.79,2.08,2.2,2.43,2.57,2.65,2.8,2.93
1.42,1.64,1.8,2.08,2.2,2.41,2.55,2.63,2.76,2.89
1.41,1.64,1.8,2.13,2.24,2.47,2.6,2.66,2.79,2.91
1.44,1.66,1.8,2.11,2.26,2.49,2.63,2.7,2.82,2.94
1.44,1.66,1.88,2.13,2.27,2.51,2.65,2.73,2.86,2.98
1.46,1.66,1.9,2.14,2.29,2.52,2.66,2.72,2.83,2.95
1.48,1.64,1.89,2.16,2.33,2.56,2.72,2.78,2.9,3.01
1.48,1.65,1.88,2.15,2.33,2.58,2.76,2.84,2.97,3.08
1.51,1.67,1.85,2.08,2.25,2.5,2.68,2.77,2.92,3.04
1.52,1.69,1.87,2.1,2.3,2.52,2.7,2.79,2.94,3.06
1.55,1.73,1.91,2.15,2.33,2.57,2.75,2.84,3.01,3.12
1.55,1.73,1.91,2.13,2.32,2.57,2.76,2.85,3.03,3.14
1.55,1.73,1.89,2.05,2.26,2.52,2.72,2.83,3.02,3.14
1.62,1.82,1.93,2.09,2.3,2.56,2.77,2.86,3.02,3.14
1.59,1.8,1.95,2.1,2.3,2.54,2.74,2.83,2.99,3.11
1.58,1.81,1.98,2.17,2.4,2.65,2.84,2.91,3.07,3.18
1.58,1.82,1.99,2.19,2.4,2.65,2.83,2.9,3.04,3.15
1.62,1.83,2,2.21,2.38,2.63,2.81,2.87,3.02,3.13
1.66,1.87,2.01,2.25,2.4,2.65,2.81,2.88,3.04,3.15
1.64,1.85,2.03,2.26,2.44,2.69,2.86,2.94,3.11,3.22
1.63,1.84,2.02,2.25,2.42,2.66,2.84,2.92,3.09,3.21
1.64,1.85,2.02,2.25,2.39,2.62,2.79,2.88,3.04,3.16
1.66,1.87,2.03,2.22,2.37,2.6,2.77,2.86,3.03,3.15
1.66,1.87,2.08,2.27,2.43,2.67,2.83,2.9,3.06,3.17
1.65,1.86,2.07,2.25,2.42,2.65,2.8,2.87,3.02,3.13
1.63,1.85,2.05,2.22,2.36,2.58,2.74,2.81,2.97,3.09
1.65,1.86,2.06,2.25,2.4,2.63,2.79,2.86,3.02,3.14
1.7,1.86,2.06,2.24,2.41,2.65,2.81,2.88,3.04,3.16
1.68,1.87,2.06,2.25,2.42,2.65,2.81,2.88,3.03,3.14
1.68,1.87,2.05,2.25,2.42,2.65,2.81,2.89,3.04,3.15
1.67,1.89,2.05,2.25,2.42,2.63,2.79,2.86,3.01,3.13
1.67,1.89,2.03,2.27,2.45,2.65,2.82,2.9,3.04,3.16
1.71,1.89,2.05,2.27,2.43,2.64,2.79,2.87,3,3.13
1.73,1.9,2.03,2.26,2.41,2.62,2.77,2.84,2.98,3.1
1.76,1.94,2.05,2.26,2.41,2.61,2.75,2.81,2.94,3.05
1.77,1.95,2.07,2.29,2.42,2.62,2.76,2.82,2.94,3.05
1.78,1.96,2.08,2.31,2.44,2.65,2.78,2.85,2.96,3.08
1.8,1.99,2.08,2.31,2.45,2.65,2.78,2.85,2.97,3.09
1.81,1.97,2.08,2.34,2.49,2.69,2.82,2.89,3.01,3.12
1.74,1.95,2.06,2.31,2.46,2.69,2.82,2.89,3.01,3.12
1.72,1.95,2.05,2.29,2.43,2.63,2.76,2.83,2.94,3.06
1.74,1.92,2.04,2.28,2.41,2.61,2.74,2.82,2.94,3.06
1.79,1.94,2.06,2.33,2.44,2.64,2.78,2.85,2.96,3.08
1.77,1.93,2.1,2.26,2.39,2.58,2.7,2.78,2.9,3.03
1.73,1.95,2.12,2.28,2.41,2.59,2.72,2.77,2.89,3.01
1.73,1.93,2.09,2.27,2.39,2.56,2.68,2.74,2.85,2.97
1.77,1.92,2.08,2.25,2.37,2.55,2.67,2.73,2.85,2.97
1.75,1.92,2.09,2.28,2.41,2.6,2.73,2.79,2.9,3.02
1.71,1.9,2.07,2.28,2.42,2.61,2.73,2.79,2.91,3.03
1.72,1.93,2.07,2.3,2.45,2.64,2.76,2.83,2.95,3.07
1.73,1.91,2.06,2.27,2.4,2.58,2.7,2.77,2.89,3.01
1.76,1.93,2.08,2.29,2.43,2.6,2.72,2.78,2.89,3.02
1.74,1.93,2.09,2.32,2.45,2.62,2.74,2.8,2.89,3.02
1.73,1.95,2.09,2.32,2.45,2.62,2.72,2.79,2.87,2.99
1.75,1.95,2.11,2.34,2.49,2.67,2.78,2.83,2.92,3.05
1.76,1.97,2.12,2.37,2.51,2.67,2.77,2.82,2.91,3.03
1.79,1.98,2.12,2.39,2.52,2.69,2.78,2.83,2.91,3.03
1.8,2.02,2.16,2.41,2.52,2.68,2.77,2.82,2.89,3
1.81,2.01,2.17,2.42,2.57,2.73,2.83,2.87,2.95,3.06
1.82,2.01,2.21,2.44,2.58,2.77,2.87,2.92,3.01,3.11
1.81,2.01,2.22,2.46,2.62,2.8,2.91,2.96,3.04,3.14
1.87,2.04,2.25,2.49,2.64,2.83,2.94,2.98,3.05,3.15
1.87,2.05,2.25,2.48,2.63,2.83,2.95,3,3.08,3.18
1.85,2.03,2.26,2.49,2.64,2.84,2.97,3.03,3.12,3.21
1.82,2.02,2.25,2.49,2.63,2.82,2.95,3,3.08,3.18
1.82,2.02,2.24,2.49,2.62,2.8,2.92,2.96,3.03,3.13
1.87,2.04,2.24,2.49,2.62,2.79,2.91,2.95,3.01,3.11
1.85,2.05,2.26,2.5,2.66,2.82,2.93,2.97,3.03,3.13
1.84,2.03,2.24,2.49,2.64,2.8,2.92,2.97,3.04,3.14
1.84,2.02,2.24,2.49,2.62,2.78,2.9,2.94,3.02,3.12
1.84,2.03,2.24,2.51,2.63,2.78,2.9,2.95,3.02,3.12
1.86,2.05,2.25,2.49,2.64,2.78,2.9,2.95,3.02,3.12
1.87,2.05,2.26,2.51,2.66,2.81,2.93,2.97,3.04,3.13
1.88,2.05,2.27,2.54,2.68,2.84,2.96,3,3.07,3.16
1.9,2.05,2.27,2.54,2.69,2.83,2.94,2.97,3.04,3.12
1.92,2.06,2.28,2.54,2.69,2.84,2.94,2.97,3.03,3.1
1.93,2.09,2.28,2.55,2.7,2.85,2.96,3,3.06,3.13
1.92,2.09,2.31,2.58,2.75,2.92,3.04,3.08,3.14,3.2
1.92,2.09,2.32,2.58,2.76,2.94,3.05,3.09,3.16,3.21
1.92,2.1,2.32,2.57,2.75,2.94,3.07,3.11,3.19,3.25
1.91,2.09,2.32,2.55,2.71,2.9,3.02,3.06,3.14,3.2
1.93,2.14,2.35,2.58,2.73,2.9,3.02,3.06,3.13,3.2
1.93,2.13,2.34,2.59,2.73,2.9,3.02,3.06,3.14,3.21
1.92,2.11,2.29,2.53,2.67,2.83,2.95,3.01,3.09,3.17
1.91,2.09,2.28,2.5,2.65,2.82,2.93,2.98,3.06,3.13
1.9,2.07,2.27,2.48,2.6,2.76,2.88,2.93,3.01,3.09
1.93,2.06,2.17,2.32,2.43,2.58,2.71,2.77,2.87,2.96
1.94,2.08,2.23,2.42,2.53,2.67,2.79,2.84,2.93,3.01
1.93,2.08,2.23,2.4,2.54,2.68,2.78,2.83,2.91,3
1.92,2.1,2.28,2.47,2.61,2.74,2.85,2.89,2.96,3.04
1.94,2.13,2.3,2.52,2.64,2.78,2.89,2.94,3,3.08
1.94,2.13,2.32,2.49,2.62,2.76,2.87,2.92,2.99,3.07
1.95,2.13,2.32,2.52,2.65,2.81,2.93,2.97,3.05,3.13
1.94,2.12,2.31,2.5,2.63,2.77,2.88,2.93,3,3.08
1.93,2.12,2.3,2.5,2.63,2.77,2.88,2.93,3,3.08
1.94,2.11,2.32,2.52,2.66,2.8,2.91,2.96,3.02,3.1
1.92,2.1,2.31,2.54,2.67,2.81,2.91,2.96,3.02,3.09
1.94,2.09,2.35,2.59,2.71,2.85,2.95,2.98,3.04,3.1
1.94,2.07,2.35,2.59,2.69,2.81,2.9,2.94,2.99,3.05
1.94,2.07,2.35,2.55,2.68,2.81,2.89,2.93,2.98,3.05
1.94,2.13,2.35,2.56,2.67,2.8,2.89,2.92,2.98,3.05
1.94,2.13,2.34,2.54,2.64,2.77,2.84,2.89,2.95,3.02
1.94,2.14,2.36,2.56,2.67,2.8,2.89,2.93,2.99,3.06
1.94,2.12,2.34,2.56,2.65,2.77,2.86,2.9,2.97,3.04
1.93,2.11,2.33,2.56,2.65,2.77,2.86,2.9,2.97,3.04
1.93,2.13,2.34,2.54,2.63,2.75,2.83,2.87,2.95,3.02
1.93,2.14,2.33,2.53,2.63,2.75,2.84,2.88,2.95,3.03
1.93,2.1,2.33,2.52,2.59,2.71,2.79,2.83,2.9,2.97
1.93,2.11,2.33,2.52,2.6,2.73,2.81,2.84,2.91,2.97
1.93,2.11,2.33,2.52,2.63,2.73,2.81,2.85,2.91,2.98
1.98,2.14,2.34,2.57,2.65,2.75,2.83,2.87,2.92,2.99
1.98,2.12,2.33,2.53,2.63,2.72,2.79,2.83,2.89,2.96
1.96,2.11,2.32,2.55,2.65,2.74,2.8,2.84,2.88,2.95
1.97,2.13,2.34,2.53,2.64,2.71,2.78,2.82,2.87,2.94
1.98,2.15,2.34,2.57,2.66,2.75,2.82,2.86,2.9,2.96
1.99,2.15,2.36,2.59,2.69,2.77,2.83,2.87,2.91,2.97
1.97,2.14,2.36,2.58,2.67,2.74,2.82,2.85,2.89,2.95
1.98,2.17,2.39,2.6,2.68,2.75,2.83,2.85,2.89,2.95
1.98,2.16,2.37,2.59,2.66,2.73,2.8,2.83,2.87,2.94
2.01,2.19,2.39,2.59,2.67,2.75,2.82,2.85,2.9,2.96
2.02,2.19,2.39,2.62,2.69,2.76,2.83,2.86,2.91,2.97
2,2.17,2.43,2.6,2.69,2.77,2.84,2.88,2.93,2.99
2,2.16,2.4,2.6,2.67,2.74,2.81,2.84,2.9,2.96
1.99,2.16,2.41,2.6,2.68,2.77,2.85,2.89,2.96,3.03
1.99,2.19,2.42,2.64,2.72,2.83,2.92,2.96,3.04,3.1
2.02,2.19,2.42,2.63,2.74,2.83,2.91,2.95,3.02,3.08
2.01,2.2,2.42,2.66,2.74,2.82,2.9,2.94,3,3.06
1.99,2.19,2.41,2.69,2.78,2.86,2.95,2.98,3.05,3.1
2,2.2,2.43,2.67,2.76,2.84,2.92,2.96,3.03,3.09
2.04,2.21,2.43,2.66,2.77,2.85,2.94,2.98,3.05,3.11
2.03,2.21,2.44,2.67,2.77,2.85,2.92,2.96,3.03,3.08
2.03,2.22,2.45,2.67,2.78,2.87,2.96,3,3.07,3.13
2.02,2.22,2.45,2.66,2.76,2.85,2.93,2.98,3.06,3.12
2.01,2.23,2.43,2.63,2.74,2.82,2.91,2.95,3.03,3.09
2.05,2.23,2.44,2.64,2.73,2.8,2.89,2.94,3.02,3.08
2.06,2.23,2.45,2.68,2.76,2.84,2.92,2.98,3.06,3.12
2.06,2.24,2.44,2.68,2.77,2.83,2.92,2.96,3.05,3.12
2.06,2.25,2.44,2.64,2.74,2.8,2.89,2.93,3.01,3.08
2.05,2.23,2.42,2.61,2.68,2.75,2.82,2.87,2.96,3.03
2.06,2.22,2.42,2.61,2.68,2.75,2.82,2.88,2.97,3.05
2.08,2.25,2.44,2.63,2.71,2.77,2.84,2.89,2.98,3.06
2.07,2.23,2.45,2.61,2.68,2.73,2.81,2.86,2.95,3.03
2.07,2.24,2.45,2.63,2.7,2.75,2.82,2.87,2.95,3.03
2.05,2.24,2.44,2.61,2.68,2.75,2.82,2.87,2.95,3.03
2.06,2.25,2.43,2.6,2.65,2.7,2.77,2.82,2.91,2.99
2.08,2.25,2.45,2.61,2.67,2.73,2.8,2.85,2.93,3
2.09,2.24,2.43,2.6,2.65,2.7,2.77,2.82,2.91,2.99
2.08,2.23,2.43,2.61,2.66,2.72,2.78,2.82,2.9,2.97
2.09,2.25,2.44,2.63,2.68,2.72,2.78,2.82,2.89,2.97
2.12,2.25,2.47,2.67,2.7,2.74,2.81,2.85,2.92,3
2.13,2.28,2.47,2.67,2.73,2.77,2.84,2.88,2.96,3.03
2.13,2.28,2.48,2.67,2.75,2.78,2.85,2.89,2.96,3.02
2.11,2.28,2.47,2.64,2.72,2.75,2.82,2.86,2.93,3
2.11,2.28,2.46,2.62,2.7,2.74,2.81,2.86,2.95,3.02
2.13,2.29,2.49,2.66,2.73,2.78,2.85,2.9,2.99,3.07
2.14,2.3,2.49,2.66,2.72,2.77,2.85,2.9,3,3.08
2.13,2.3,2.5,2.64,2.71,2.76,2.83,2.88,2.98,3.06
2.14,2.3,2.53,2.71,2.78,2.82,2.89,2.94,3.03,3.11
2.14,2.32,2.54,2.73,2.78,2.83,2.89,2.94,3.02,3.09
2.15,2.31,2.55,2.76,2.83,2.87,2.94,2.98,3.06,3.13
2.16,2.33,2.56,2.74,2.82,2.87,2.93,2.97,3.04,3.11
2.15,2.33,2.55,2.76,2.83,2.87,2.93,2.97,3.04,3.11
2.16,2.33,2.56,2.78,2.85,2.9,2.96,2.99,3.07,3.13
2.16,2.35,2.57,2.78,2.85,2.89,2.96,2.99,3.07,3.13
2.17,2.36,2.58,2.81,2.88,2.94,3.01,3.05,3.14,3.2
2.16,2.36,2.58,2.81,2.89,2.96,3.04,3.08,3.16,3.23
2.17,2.37,2.58,2.81,2.89,2.96,3.03,3.07,3.15,3.21
2.18,2.38,2.58,2.81,2.89,2.95,3.03,3.07,3.14,3.2
2.22,2.38,2.6,2.83,2.89,2.96,3.04,3.08,3.15,3.21
2.21,2.38,2.59,2.83,2.91,2.99,3.06,3.1,3.17,3.23
2.2,2.37,2.58,2.83,2.89,2.96,3.02,3.06,3.14,3.19
2.18,2.37,2.58,2.83,2.89,2.96,3.02,3.06,3.13,3.19
2.19,2.36,2.59,2.81,2.88,2.94,3.01,3.05,3.13,3.19
2.23,2.4,2.6,2.82,2.9,2.96,3.04,3.09,3.18,3.24
2.23,2.41,2.61,2.82,2.88,2.94,3.01,3.05,3.14,3.2
2.23,2.41,2.62,2.85,2.94,3.02,3.1,3.15,3.24,3.3
2.22,2.42,2.63,2.87,2.97,3.05,3.14,3.19,3.29,3.35
2.23,2.41,2.64,2.88,2.99,3.07,3.18,3.23,3.34,3.4
2.25,2.46,2.65,2.88,2.98,3.05,3.15,3.21,3.3,3.37
2.27,2.45,2.67,2.88,2.97,3.05,3.15,3.22,3.33,3.39
2.27,2.44,2.66,2.85,2.94,3,3.09,3.14,3.25,3.32
2.28,2.44,2.66,2.85,2.93,3,3.09,3.15,3.25,3.32
2.31,2.47,2.67,2.85,2.94,3.01,3.1,3.16,3.27,3.34
2.3,2.46,2.66,2.87,2.95,3.02,3.1,3.16,3.26,3.32
2.31,2.47,2.66,2.89,2.97,3.04,3.13,3.19,3.29,3.35
2.32,2.47,2.67,2.87,2.95,3.03,3.11,3.17,3.28,3.36
2.31,2.48,2.67,2.92,2.99,3.05,3.14,3.2,3.31,3.38
2.34,2.49,2.68,2.92,2.99,3.05,3.13,3.2,3.31,3.38
2.33,2.48,2.67,2.89,2.95,3.01,3.1,3.17,3.29,3.37
2.34,2.47,2.64,2.84,2.89,2.94,3.02,3.1,3.24,3.33
2.34,2.47,2.66,2.86,2.92,2.98,3.07,3.14,3.27,3.35
2.33,2.47,2.63,2.81,2.85,2.91,3,3.08,3.23,3.32
2.34,2.49,2.64,2.81,2.86,2.91,3,3.08,3.23,3.33
2.33,2.48,2.66,2.84,2.9,2.94,3.03,3.12,3.26,3.36
2.34,2.49,2.69,2.87,2.93,2.98,3.07,3.15,3.3,3.39
2.32,2.49,2.67,2.84,2.91,2.96,3.06,3.14,3.29,3.38
2.33,2.5,2.7,2.91,2.98,3.04,3.13,3.22,3.37,3.46
2.36,2.51,2.71,2.91,2.99,3.03,3.12,3.2,3.34,3.43
2.35,2.52,2.72,2.93,3.01,3.05,3.14,3.22,3.35,3.43
2.37,2.51,2.74,2.96,3.03,3.07,3.15,3.22,3.35,3.43
2.35,2.52,2.74,2.98,3.05,3.09,3.17,3.24,3.36,3.43
2.36,2.52,2.73,2.94,3.01,3.05,3.13,3.19,3.32,3.4
2.38,2.53,2.72,2.89,2.95,2.99,3.07,3.14,3.28,3.36
2.38,2.52,2.71,2.86,2.92,2.95,3.04,3.12,3.26,3.35
2.37,2.51,2.7,2.86,2.91,2.94,3.02,3.11,3.27,3.36
2.36,2.5,2.68,2.81,2.85,2.9,2.99,3.08,3.23,3.33
2.38,2.52,2.66,2.79,2.82,2.87,2.97,3.06,3.22,3.32
2.39,2.51,2.67,2.79,2.83,2.88,2.97,3.06,3.22,3.31
2.41,2.52,2.67,2.81,2.84,2.89,2.98,3.06,3.22,3.31
2.41,2.52,2.67,2.81,2.83,2.88,2.97,3.05,3.21,3.31
2.41,2.54,2.7,2.84,2.86,2.9,2.98,3.07,3.22,3.32
2.41,2.53,2.7,2.83,2.86,2.89,2.98,3.06,3.22,3.32
2.4,2.53,2.69,2.81,2.84,2.87,2.97,3.06,3.23,3.34
2.37,2.52,2.69,2.81,2.83,2.85,2.94,3.03,3.21,3.33
2.37,2.52,2.7,2.8,2.83,2.84,2.92,3.01,3.19,3.3
2.38,2.56,2.72,2.83,2.84,2.83,2.9,2.98,3.15,3.27
2.42,2.58,2.71,2.8,2.81,2.79,2.84,2.91,3.05,3.16
2.41,2.56,2.7,2.75,2.76,2.75,2.8,2.87,3.01,3.14
2.4,2.54,2.68,2.72,2.72,2.7,2.77,2.85,3.01,3.14
2.41,2.54,2.69,2.72,2.73,2.71,2.77,2.85,3,3.13
2.41,2.55,2.7,2.78,2.78,2.75,2.81,2.89,3.02,3.13
2.43,2.56,2.7,2.77,2.78,2.77,2.84,2.91,3.04,3.15
2.43,2.56,2.69,2.75,2.76,2.75,2.83,2.91,3.05,3.16
2.42,2.56,2.68,2.73,2.72,2.73,2.81,2.89,3.03,3.14
2.4,2.54,2.66,2.7,2.68,2.69,2.77,2.86,3,3.11
2.39,2.53,2.64,2.65,2.64,2.65,2.74,2.82,2.96,3.07
2.4,2.54,2.62,2.63,2.61,2.62,2.69,2.77,2.89,3
2.39,2.55,2.64,2.67,2.65,2.65,2.72,2.79,2.92,3.02
2.39,2.54,2.62,2.63,2.61,2.64,2.72,2.79,2.92,3.03
2.45,2.52,2.61,2.55,2.56,2.58,2.66,2.74,2.88,3
2.44,2.54,2.61,2.61,2.6,2.67,2.74,2.81,2.94,3.06
2.41,2.49,2.58,2.56,2.55,2.6,2.68,2.77,2.92,3.05
2.4,2.48,2.57,2.52,2.5,2.56,2.63,2.72,2.89,3.04
2.45,2.56,2.63,2.48,2.46,2.51,2.59,2.69,2.87,3.02
0.53,0.65,0.89,1.22,1.5,1.94,2.26,2.45,2.78,3.04
0.53,0.63,0.87,1.24,1.5,1.94,2.26,2.46,2.78,3.05
0.52,0.62,0.83,1.17,1.43,1.86,2.18,2.37,2.69,2.96
0.53,0.61,0.85,1.22,1.5,1.92,2.23,2.42,2.73,3
0.5,0.6,0.82,1.21,1.47,1.89,2.18,2.38,2.69,2.97
0.52,0.6,0.82,1.19,1.47,1.89,2.18,2.38,2.69,2.97
0.52,0.6,0.82,1.2,1.47,1.89,2.18,2.38,2.68,2.96
0.52,0.59,0.81,1.18,1.45,1.87,2.17,2.36,2.68,3.01
0.53,0.61,0.82,1.21,1.48,1.9,2.2,2.4,2.71,2.99
0.55,0.62,0.8,1.17,1.42,1.84,2.14,2.33,2.66,2.93
0.53,0.63,0.82,1.23,1.51,1.93,2.24,2.42,2.74,3
0.52,0.62,0.83,1.25,1.53,1.97,2.28,2.47,2.77,3.04
0.5,0.62,0.82,1.2,1.5,1.95,2.28,2.48,2.79,3.05
0.51,0.59,0.79,1.16,1.43,1.88,2.19,2.41,2.72,2.99
0.51,0.62,0.81,1.21,1.49,1.94,2.27,2.47,2.78,3.05
0.5,0.61,0.82,1.23,1.52,1.99,2.33,2.53,2.84,3.1
0.51,0.62,0.82,1.21,1.49,1.95,2.3,2.51,2.82,3.08
0.52,0.63,0.82,1.22,1.48,1.94,2.28,2.49,2.8,3.06
0.51,0.63,0.81,1.22,1.48,1.94,2.28,2.49,2.82,3.08
0.52,0.64,0.84,1.19,1.46,1.9,2.24,2.45,2.78,3.05
0.51,0.65,0.83,1.22,1.49,1.93,2.27,2.48,2.8,3.08
0.52,0.64,0.84,1.21,1.48,1.92,2.27,2.48,2.8,3.09
0.51,0.63,0.82,1.21,1.49,1.93,2.27,2.49,2.82,3.11
0.53,0.62,0.79,1.16,1.43,1.86,2.19,2.42,2.76,3.05
0.53,0.63,0.8,1.16,1.43,1.85,2.17,2.4,2.74,3.02
0.54,0.63,0.79,1.15,1.4,1.81,2.14,2.34,2.68,2.96
0.54,0.64,0.8,1.2,1.46,1.88,2.2,2.4,2.74,3.02
0.55,0.64,0.81,1.2,1.47,1.89,2.22,2.41,2.75,3.01
0.52,0.63,0.82,1.2,1.48,1.92,2.24,2.43,2.77,3.03
0.54,0.66,0.84,1.25,1.53,1.98,2.29,2.47,2.81,3.07
0.54,0.67,0.86,1.27,1.57,2.01,2.33,2.51,2.84,3.09
0.53,0.66,0.82,1.22,1.5,1.95,2.26,2.45,2.8,3.05
0.53,0.66,0.82,1.21,1.48,1.92,2.23,2.42,2.78,3.03
0.53,0.69,0.83,1.22,1.5,1.93,2.24,2.43,2.78,3.04
0.52,0.68,0.82,1.22,1.49,1.92,2.23,2.42,2.78,3.04
0.51,0.66,0.81,1.18,1.44,1.87,2.2,2.38,2.75,3.02
0.52,0.65,0.8,1.12,1.38,1.8,2.12,2.31,2.69,2.95
0.5,0.68,0.81,1.2,1.46,1.87,2.18,2.36,2.72,2.98
0.53,0.69,0.88,1.22,1.49,1.89,2.19,2.36,2.7,2.97
0.63,0.79,0.92,1.29,1.57,1.99,2.29,2.46,2.81,3.06
0.67,0.84,0.98,1.32,1.6,2.03,2.32,2.49,2.84,3.09
0.71,0.84,0.98,1.32,1.59,2.02,2.32,2.49,2.83,3.08
0.74,0.83,0.97,1.31,1.6,2.02,2.32,2.49,2.84,3.1
0.76,0.87,1.02,1.32,1.62,2.05,2.34,2.52,2.85,3.11
0.73,0.86,1.03,1.36,1.65,2.08,2.38,2.57,2.89,3.15
0.73,0.88,1.04,1.37,1.67,2.13,2.43,2.6,2.94,3.19
0.75,0.89,1.03,1.36,1.66,2.11,2.4,2.58,2.94,3.16
0.79,0.93,1.06,1.4,1.69,2.14,2.43,2.62,2.97,3.2
0.78,0.93,1.06,1.4,1.68,2.13,2.42,2.6,2.94,3.17
0.73,0.89,1.02,1.33,1.59,2.02,2.31,2.51,2.87,3.11
0.73,0.89,1.01,1.35,1.63,2.05,2.34,2.53,2.89,3.14
0.73,0.87,1,1.33,1.6,2.03,2.31,2.5,2.86,3.11
0.76,0.89,1.01,1.3,1.57,2,2.28,2.47,2.83,3.08
0.77,0.91,1,1.27,1.54,1.96,2.24,2.43,2.79,3.04
0.77,0.9,0.99,1.27,1.52,1.95,2.22,2.4,2.76,3.02
0.76,0.9,0.99,1.26,1.52,1.95,2.23,2.41,2.76,3.02
0.78,0.89,1,1.26,1.52,1.93,2.22,2.4,2.74,3
0.78,0.91,1,1.27,1.51,1.93,2.2,2.38,2.73,2.98
0.78,0.92,1.03,1.3,1.56,1.97,2.25,2.42,2.77,3.02
0.78,0.92,1.04,1.26,1.53,1.93,2.21,2.39,2.74,2.99
0.78,0.91,1.03,1.28,1.55,1.96,2.25,2.42,2.78,3.03
0.76,0.91,1.03,1.27,1.5,1.93,2.22,2.4,2.76,3.02
0.79,0.92,1.02,1.24,1.47,1.88,2.16,2.35,2.71,2.98
0.79,0.92,1.03,1.25,1.47,1.88,2.16,2.36,2.72,2.99
0.8,0.93,1.03,1.24,1.44,1.85,2.14,2.34,2.71,2.98
0.79,0.94,1.05,1.24,1.45,1.87,2.15,2.34,2.72,2.99
0.82,0.95,1.08,1.29,1.52,1.92,2.2,2.38,2.74,3
0.82,0.97,1.07,1.29,1.52,1.91,2.18,2.37,2.72,2.99
0.82,0.94,1.05,1.24,1.45,1.84,2.11,2.32,2.67,2.93
0.81,0.95,1.04,1.24,1.44,1.81,2.09,2.28,2.65,2.92
0.81,0.94,1.03,1.21,1.4,1.77,2.05,2.24,2.62,2.89
0.83,0.94,1.04,1.21,1.42,1.79,2.07,2.26,2.65,2.92
0.82,0.94,1.02,1.18,1.35,1.71,1.98,2.18,2.56,2.84
0.81,0.94,1.02,1.19,1.38,1.74,2.02,2.21,2.59,2.87
0.79,0.93,1.01,1.21,1.41,1.78,2.06,2.24,2.61,2.89
0.79,0.92,0.99,1.2,1.4,1.77,2.05,2.24,2.61,2.89
0.81,0.96,1.03,1.25,1.44,1.81,2.09,2.28,2.65,2.93
0.82,0.98,1.09,1.29,1.49,1.87,2.15,2.35,2.71,2.99
0.83,0.99,1.07,1.28,1.46,1.84,2.12,2.32,2.69,2.97
0.81,0.98,1.06,1.25,1.44,1.81,2.1,2.3,2.68,2.96
0.8,0.99,1.07,1.28,1.45,1.81,2.1,2.29,2.67,2.96
0.83,0.98,1.09,1.28,1.48,1.84,2.13,2.33,2.71,3
0.82,0.99,1.08,1.27,1.45,1.81,2.09,2.29,2.68,2.97
0.85,1,1.1,1.3,1.5,1.86,2.14,2.33,2.7,2.97
0.86,1,1.11,1.32,1.51,1.88,2.17,2.36,2.73,3
0.9,1.01,1.1,1.32,1.52,1.89,2.17,2.36,2.73,2.99
0.91,1.02,1.12,1.33,1.53,1.91,2.19,2.39,2.76,3.02
0.91,1.04,1.14,1.37,1.57,1.94,2.22,2.42,2.79,3.04
0.9,1.04,1.13,1.35,1.56,1.94,2.22,2.41,2.79,3.03
0.89,1.04,1.13,1.35,1.55,1.93,2.2,2.39,2.78,3.03
0.88,1.03,1.11,1.29,1.49,1.85,2.13,2.33,2.74,2.98
0.9,1.02,1.11,1.31,1.49,1.86,2.14,2.34,2.76,3
0.9,1.04,1.11,1.29,1.48,1.86,2.13,2.33,2.74,2.99
0.9,1,1.08,1.26,1.42,1.76,2.03,2.22,2.65,2.91
0.93,1.02,1.09,1.27,1.44,1.78,2.04,2.23,2.64,2.9
0.92,1.03,1.1,1.28,1.45,1.79,2.05,2.23,2.63,2.9
0.93,1.05,1.12,1.29,1.45,1.8,2.06,2.25,2.64,2.91
0.92,1.08,1.14,1.31,1.49,1.84,2.1,2.29,2.68,2.95
0.93,1.07,1.18,1.29,1.46,1.79,2.07,2.26,2.65,2.92
0.94,1.08,1.16,1.3,1.46,1.78,2.06,2.25,2.65,2.92
0.94,1.08,1.17,1.3,1.46,1.79,2.06,2.25,2.65,2.92
0.93,1.07,1.16,1.28,1.44,1.76,2.02,2.21,2.61,2.88
0.98,1.08,1.17,1.28,1.44,1.75,2.02,2.21,2.6,2.87
0.98,1.07,1.16,1.28,1.45,1.76,2.02,2.21,2.6,2.87
0.98,1.06,1.16,1.28,1.42,1.71,1.96,2.15,2.53,2.8
0.96,1.06,1.16,1.32,1.45,1.74,1.99,2.18,2.56,2.84
0.97,1.08,1.16,1.3,1.42,1.71,1.95,2.14,2.53,2.81
1,1.09,1.17,1.32,1.45,1.74,1.99,2.18,2.56,2.84
1.01,1.11,1.19,1.33,1.47,1.75,2,2.19,2.57,2.85
1.01,1.13,1.2,1.35,1.5,1.77,2.02,2.21,2.59,2.86
0.98,1.09,1.19,1.35,1.5,1.78,2.02,2.21,2.59,2.86
1,1.12,1.22,1.38,1.51,1.79,2.02,2.21,2.6,2.87
1.01,1.12,1.2,1.35,1.48,1.74,1.96,2.15,2.53,2.79
1.02,1.13,1.21,1.35,1.49,1.76,1.98,2.16,2.52,2.78
1.03,1.13,1.21,1.32,1.48,1.75,1.97,2.16,2.52,2.78
1.02,1.13,1.22,1.36,1.52,1.8,2.02,2.19,2.53,2.79
1.01,1.14,1.22,1.36,1.5,1.77,1.99,2.16,2.49,2.74
0.99,1.12,1.22,1.36,1.5,1.78,2,2.16,2.48,2.73
0.96,1.1,1.22,1.34,1.48,1.76,1.98,2.15,2.47,2.72
0.97,1.1,1.21,1.34,1.48,1.77,1.98,2.15,2.48,2.71
0.99,1.1,1.2,1.36,1.48,1.77,1.97,2.14,2.46,2.7
1,1.13,1.22,1.38,1.53,1.83,2.04,2.21,2.52,2.75
1.02,1.12,1.21,1.34,1.51,1.81,2.05,2.22,2.55,2.77
1.04,1.14,1.23,1.38,1.53,1.85,2.1,2.27,2.59,2.82
1.03,1.14,1.24,1.38,1.55,1.89,2.14,2.31,2.61,2.84
1.06,1.13,1.24,1.41,1.6,1.93,2.19,2.35,2.65,2.86
1.05,1.15,1.24,1.41,1.59,1.92,2.17,2.33,2.63,2.85
1.04,1.14,1.23,1.4,1.6,1.94,2.21,2.37,2.68,2.9
1.05,1.14,1.22,1.4,1.6,1.95,2.22,2.39,2.71,2.93
1.04,1.13,1.23,1.4,1.59,1.93,2.2,2.38,2.7,2.93
1.05,1.14,1.2,1.37,1.57,1.92,2.18,2.37,2.69,2.92
1.05,1.13,1.21,1.35,1.53,1.88,2.14,2.33,2.65,2.89
1.05,1.14,1.23,1.37,1.55,1.89,2.16,2.35,2.69,2.92
1.04,1.12,1.22,1.35,1.54,1.87,2.13,2.33,2.67,2.91
1.07,1.1,1.22,1.36,1.53,1.86,2.12,2.31,2.65,2.89
1.07,1.11,1.19,1.36,1.52,1.82,2.08,2.27,2.61,2.85
1.11,1.12,1.23,1.37,1.52,1.83,2.09,2.27,2.61,2.85
1.15,1.12,1.22,1.37,1.51,1.82,2.08,2.27,2.6,2.83
1.16,1.1,1.22,1.36,1.5,1.81,2.05,2.24,2.57,2.81
1.17,1.12,1.23,1.37,1.53,1.83,2.07,2.26,2.59,2.83
1.18,1.15,1.24,1.4,1.56,1.9,2.15,2.33,2.67,2.91
1.13,1.14,1.23,1.36,1.5,1.83,2.09,2.29,2.65,2.89
1.11,1.13,1.22,1.36,1.52,1.84,2.12,2.32,2.68,2.93
1.08,1.13,1.22,1.34,1.51,1.83,2.1,2.3,2.65,2.89
1.07,1.13,1.23,1.34,1.51,1.84,2.11,2.3,2.66,2.89
1.08,1.15,1.22,1.34,1.5,1.8,2.07,2.26,2.61,2.86
1.08,1.15,1.24,1.36,1.52,1.82,2.08,2.27,2.6,2.85
1.08,1.13,1.22,1.34,1.49,1.79,2.05,2.24,2.56,2.81
1.08,1.14,1.23,1.36,1.51,1.82,2.08,2.27,2.61,2.84
1.02,1.14,1.22,1.36,1.52,1.81,2.07,2.26,2.6,2.84
1.06,1.16,1.24,1.36,1.53,1.84,2.1,2.29,2.63,2.86
1.06,1.15,1.21,1.33,1.5,1.81,2.06,2.24,2.59,2.82
1.05,1.14,1.22,1.33,1.49,1.78,2.03,2.2,2.55,2.79
1.03,1.14,1.21,1.3,1.43,1.74,2,2.19,2.55,2.79
1.02,1.13,1.23,1.33,1.48,1.77,2.04,2.22,2.57,2.81
1.04,1.16,1.23,1.35,1.51,1.83,2.09,2.27,2.6,2.84
1.02,1.13,1.24,1.33,1.49,1.79,2.04,2.23,2.58,2.81
1,1.11,1.24,1.32,1.46,1.76,2.01,2.19,2.54,2.78
1.02,1.13,1.24,1.33,1.47,1.77,2.01,2.19,2.54,2.78
1,1.11,1.23,1.32,1.46,1.76,2,2.18,2.52,2.77
1,1.13,1.24,1.33,1.48,1.8,2.04,2.22,2.55,2.79
1,1.11,1.22,1.32,1.45,1.76,1.99,2.17,2.51,2.75
1.02,1.11,1.23,1.33,1.47,1.78,2.01,2.19,2.53,2.77
1.03,1.11,1.23,1.35,1.47,1.77,2,2.17,2.51,2.75
0.98,1.12,1.24,1.33,1.46,1.74,1.99,2.16,2.51,2.76
1.03,1.13,1.23,1.33,1.43,1.7,1.96,2.13,2.48,2.74
1.03,1.11,1.23,1.33,1.44,1.72,1.97,2.15,2.49,2.75
1.01,1.08,1.23,1.33,1.44,1.7,1.95,2.12,2.47,2.73
1.02,1.1,1.24,1.35,1.46,1.73,1.99,2.16,2.51,2.77
1.03,1.13,1.23,1.3,1.4,1.65,1.9,2.07,2.43,2.69
1.07,1.17,1.24,1.3,1.42,1.69,1.93,2.1,2.46,2.72
1.05,1.15,1.21,1.27,1.38,1.63,1.88,2.05,2.4,2.66
1.04,1.14,1.22,1.27,1.39,1.64,1.89,2.06,2.41,2.67
1.05,1.16,1.24,1.32,1.44,1.71,1.96,2.14,2.49,2.75
1.03,1.16,1.27,1.33,1.46,1.75,1.99,2.17,2.52,2.78
1.04,1.16,1.27,1.35,1.48,1.78,2.01,2.2,2.53,2.79
1.05,1.17,1.28,1.37,1.5,1.79,2.01,2.2,2.52,2.77
1.05,1.17,1.3,1.39,1.53,1.81,2.04,2.2,2.52,2.77
1.05,1.18,1.3,1.4,1.54,1.83,2.06,2.23,2.56,2.8
1.04,1.19,1.31,1.4,1.55,1.84,2.07,2.24,2.57,2.81
1.04,1.2,1.32,1.45,1.6,1.89,2.12,2.28,2.59,2.82
1.04,1.19,1.31,1.45,1.59,1.89,2.11,2.27,2.57,2.8
1.03,1.19,1.3,1.46,1.58,1.88,2.1,2.26,2.57,2.8
1.05,1.19,1.3,1.44,1.56,1.85,2.07,2.22,2.53,2.76
1.06,1.19,1.31,1.45,1.57,1.87,2.08,2.24,2.54,2.78
1.07,1.2,1.33,1.47,1.6,1.91,2.14,2.31,2.62,2.86
1.06,1.18,1.31,1.45,1.59,1.89,2.13,2.31,2.63,2.87
1.06,1.2,1.31,1.47,1.62,1.92,2.16,2.33,2.63,2.86
1.01,1.22,1.31,1.49,1.63,1.94,2.17,2.34,2.64,2.87
1.07,1.21,1.32,1.47,1.62,1.92,2.15,2.33,2.63,2.87
1.08,1.21,1.33,1.47,1.62,1.92,2.15,2.33,2.64,2.87
1.07,1.21,1.35,1.49,1.63,1.94,2.17,2.35,2.65,2.89
1.07,1.22,1.35,1.54,1.66,1.97,2.2,2.37,2.68,2.91
1.08,1.26,1.42,1.51,1.64,1.95,2.18,2.35,2.65,2.88
1.1,1.25,1.4,1.51,1.66,1.95,2.17,2.35,2.64,2.88
1.09,1.27,1.41,1.51,1.66,1.95,2.16,2.33,2.62,2.86
1.09,1.26,1.39,1.51,1.64,1.91,2.12,2.28,2.58,2.81
1.1,1.24,1.42,1.54,1.68,1.95,2.15,2.3,2.58,2.82
1.09,1.25,1.41,1.54,1.69,1.97,2.15,2.3,2.58,2.8
1.09,1.24,1.42,1.59,1.7,1.99,2.19,2.34,2.62,2.85
1.1,1.25,1.41,1.58,1.69,1.98,2.18,2.33,2.6,2.83
1.11,1.27,1.43,1.6,1.72,2.03,2.24,2.39,2.67,2.89
1.09,1.25,1.42,1.58,1.7,2.01,2.22,2.38,2.66,2.89
1.12,1.27,1.43,1.6,1.73,2.05,2.26,2.42,2.7,2.92
1.12,1.27,1.43,1.61,1.74,2.06,2.28,2.44,2.72,2.95
1.11,1.29,1.43,1.63,1.76,2.07,2.3,2.46,2.74,2.96
1.1,1.28,1.42,1.59,1.73,2.03,2.26,2.42,2.71,2.93
1.12,1.24,1.42,1.58,1.71,2,2.22,2.37,2.66,2.88
1.15,1.28,1.43,1.6,1.73,2.01,2.23,2.38,2.66,2.88
1.18,1.3,1.46,1.61,1.74,2.01,2.22,2.37,2.63,2.85
1.17,1.29,1.46,1.61,1.73,2,2.21,2.35,2.61,2.83
1.18,1.31,1.49,1.63,1.74,1.99,2.19,2.34,2.59,2.82
1.19,1.3,1.5,1.61,1.73,1.99,2.17,2.32,2.58,2.8
1.22,1.33,1.49,1.63,1.75,1.99,2.17,2.32,2.56,2.77
1.23,1.35,1.53,1.65,1.77,2.01,2.19,2.32,2.57,2.79
1.24,1.36,1.53,1.63,1.75,2.01,2.2,2.33,2.59,2.81
1.23,1.37,1.54,1.67,1.79,2.06,2.27,2.4,2.67,2.88
1.24,1.37,1.55,1.7,1.82,2.08,2.27,2.4,2.67,2.87
1.26,1.4,1.55,1.68,1.81,2.06,2.26,2.38,2.64,2.84
1.25,1.39,1.55,1.68,1.79,2.04,2.21,2.33,2.58,2.77
1.27,1.42,1.59,1.72,1.83,2.07,2.25,2.37,2.62,2.81
1.29,1.42,1.6,1.73,1.83,2.06,2.23,2.35,2.59,2.78
1.3,1.46,1.62,1.77,1.86,2.09,2.26,2.37,2.6,2.78
1.3,1.45,1.62,1.77,1.88,2.11,2.27,2.36,2.58,2.76
1.29,1.45,1.61,1.74,1.84,2.05,2.22,2.32,2.57,2.75
1.29,1.45,1.61,1.75,1.85,2.07,2.23,2.34,2.58,2.76
1.27,1.41,1.62,1.74,1.84,2.06,2.21,2.32,2.57,2.76
1.3,1.46,1.61,1.75,1.85,2.07,2.24,2.34,2.58,2.77
1.29,1.45,1.61,1.78,1.86,2.09,2.27,2.37,2.62,2.81
1.27,1.44,1.62,1.78,1.9,2.14,2.31,2.42,2.65,2.83
1.27,1.45,1.62,1.78,1.9,2.13,2.28,2.37,2.58,2.76
1.29,1.45,1.66,1.8,1.93,2.15,2.29,2.37,2.58,2.77
1.3,1.48,1.64,1.83,1.94,2.15,2.28,2.36,2.55,2.73
1.3,1.48,1.68,1.78,1.92,2.11,2.25,2.33,2.53,2.71
1.29,1.47,1.67,1.8,1.92,2.14,2.29,2.37,2.58,2.76
1.28,1.45,1.65,1.8,1.92,2.14,2.29,2.38,2.59,2.77
1.33,1.47,1.69,1.82,1.95,2.16,2.3,2.39,2.59,2.77
1.34,1.49,1.7,1.83,1.95,2.18,2.32,2.4,2.6,2.79
1.3,1.47,1.68,1.79,1.9,2.12,2.26,2.36,2.56,2.74
1.32,1.48,1.7,1.82,1.92,2.14,2.27,2.35,2.53,2.71
1.31,1.48,1.71,1.84,1.95,2.16,2.28,2.35,2.52,2.68
1.38,1.51,1.7,1.84,1.94,2.17,2.3,2.39,2.57,2.74
1.37,1.51,1.71,1.87,1.97,2.23,2.37,2.46,2.66,2.82
1.38,1.51,1.72,1.87,1.98,2.24,2.4,2.49,2.71,2.88
1.35,1.54,1.73,1.89,2.01,2.26,2.39,2.48,2.68,2.84
1.33,1.54,1.73,1.91,2.01,2.26,2.4,2.48,2.68,2.83
1.47,1.52,1.75,1.92,2.02,2.25,2.38,2.47,2.66,2.82
1.44,1.53,1.75,1.89,1.99,2.22,2.34,2.42,2.59,2.75
1.39,1.54,1.76,1.91,2,2.23,2.36,2.43,2.6,2.75
1.39,1.53,1.76,1.89,1.98,2.2,2.33,2.4,2.58,2.74
0.22,0.49,0.61,1.02,1.31,1.73,2.06,2.24,2.64,2.98
0.2,0.49,0.68,1.04,1.32,1.73,2.06,2.25,2.67,3.01
0.21,0.47,0.67,0.99,1.26,1.65,1.98,2.18,2.59,2.94
0.2,0.46,0.66,0.96,1.22,1.61,1.94,2.16,2.56,2.92
0.2,0.45,0.64,0.94,1.2,1.57,1.91,2.13,2.55,2.91
0.21,0.48,0.63,0.94,1.2,1.58,1.94,2.17,2.59,2.96
0.21,0.47,0.62,0.93,1.18,1.55,1.88,2.12,2.51,2.89
0.22,0.46,0.6,0.91,1.15,1.51,1.85,2.08,2.47,2.85
0.25,0.43,0.55,0.9,1.14,1.52,1.87,2.1,2.51,2.9
0.24,0.37,0.49,0.85,1.08,1.46,1.79,2.03,2.44,2.81
0.26,0.37,0.48,0.88,1.11,1.49,1.82,2.06,2.45,2.82
0.26,0.35,0.43,0.85,1.06,1.44,1.76,2.01,2.41,2.77
0.28,0.38,0.44,0.84,1.06,1.44,1.77,2.02,2.42,2.79
0.31,0.41,0.47,0.88,1.11,1.49,1.81,2.07,2.46,2.83
0.31,0.42,0.47,0.88,1.1,1.47,1.79,2.03,2.42,2.8
0.31,0.45,0.47,0.85,1.07,1.45,1.76,2.01,2.41,2.79
0.32,0.43,0.47,0.84,1.07,1.43,1.76,2.02,2.42,2.8
0.35,0.45,0.47,0.83,1.05,1.4,1.75,2,2.41,2.79
0.33,0.43,0.47,0.76,0.97,1.33,1.67,1.94,2.36,2.75
0.35,0.47,0.47,0.81,1.01,1.38,1.72,1.97,2.38,2.77
0.34,0.47,0.54,0.75,0.93,1.28,1.61,1.87,2.27,2.67
0.33,0.46,0.54,0.72,0.91,1.27,1.61,1.88,2.3,2.7
0.29,0.43,0.52,0.7,0.9,1.25,1.6,1.87,2.29,2.7
0.3,0.45,0.55,0.74,0.91,1.25,1.58,1.86,2.27,2.68
0.32,0.42,0.51,0.66,0.83,1.16,1.48,1.75,2.17,2.56
0.3,0.43,0.52,0.69,0.85,1.15,1.47,1.74,2.16,2.55
0.31,0.42,0.52,0.71,0.85,1.15,1.46,1.71,2.13,2.53
0.28,0.39,0.47,0.64,0.81,1.11,1.39,1.63,2.06,2.5
0.3,0.39,0.51,0.71,0.89,1.2,1.5,1.74,2.15,2.6
0.3,0.42,0.51,0.74,0.91,1.23,1.53,1.78,2.19,2.64
0.3,0.43,0.53,0.74,0.93,1.26,1.57,1.81,2.24,2.68
0.3,0.45,0.53,0.71,0.88,1.21,1.51,1.75,2.17,2.62
0.31,0.46,0.53,0.76,0.91,1.24,1.53,1.76,2.17,2.61
0.33,0.46,0.55,0.78,0.92,1.25,1.54,1.77,2.18,2.62
0.32,0.47,0.55,0.76,0.9,1.23,1.51,1.74,2.16,2.6
0.33,0.46,0.55,0.75,0.9,1.21,1.52,1.75,2.16,2.61
0.32,0.46,0.56,0.72,0.85,1.16,1.47,1.71,2.14,2.58
0.33,0.47,0.6,0.8,0.93,1.23,1.55,1.76,2.2,2.63
0.33,0.49,0.62,0.78,0.91,1.22,1.52,1.74,2.19,2.61
0.33,0.5,0.68,0.85,0.98,1.31,1.62,1.83,2.28,2.7
0.36,0.48,0.67,0.85,1,1.34,1.65,1.84,2.27,2.69
0.28,0.46,0.65,0.85,0.99,1.33,1.63,1.83,2.23,2.65
0.29,0.47,0.67,0.88,1.04,1.38,1.69,1.88,2.29,2.7
0.32,0.49,0.67,0.91,1.08,1.42,1.72,1.91,2.3,2.71
0.29,0.48,0.68,0.88,1.04,1.34,1.64,1.83,2.22,2.63
0.3,0.47,0.68,0.9,1.07,1.39,1.69,1.9,2.27,2.68
0.32,0.5,0.69,0.93,1.11,1.45,1.75,1.93,2.29,2.7
0.33,0.51,0.7,0.97,1.16,1.49,1.79,1.98,2.34,2.75
0.34,0.52,0.7,0.97,1.15,1.49,1.78,1.97,2.33,2.74
0.34,0.52,0.71,0.98,1.16,1.5,1.78,1.97,2.33,2.73
0.31,0.47,0.66,0.87,1.05,1.41,1.72,1.94,2.32,2.73
0.29,0.47,0.64,0.87,1.04,1.39,1.7,1.91,2.28,2.69
0.3,0.44,0.62,0.84,1,1.34,1.66,1.88,2.26,2.68
0.31,0.46,0.63,0.87,1.05,1.38,1.7,1.92,2.31,2.72
0.3,0.46,0.64,0.91,1.08,1.42,1.74,1.94,2.32,2.72
0.3,0.46,0.64,0.87,1.03,1.37,1.67,1.88,2.25,2.65
0.3,0.46,0.63,0.89,1.05,1.39,1.7,1.91,2.28,2.67
0.29,0.49,0.65,0.89,1.04,1.37,1.68,1.89,2.26,2.66
0.23,0.45,0.63,0.78,0.94,1.29,1.59,1.81,2.2,2.6
0.2,0.39,0.61,0.76,0.91,1.26,1.6,1.83,2.24,2.65
0.21,0.39,0.59,0.73,0.87,1.21,1.54,1.78,2.2,2.61
0.23,0.4,0.62,0.76,0.9,1.24,1.56,1.79,2.2,2.62
0.23,0.38,0.59,0.75,0.88,1.22,1.53,1.78,2.19,2.6
0.23,0.36,0.56,0.72,0.85,1.17,1.49,1.73,2.13,2.54
0.23,0.36,0.55,0.73,0.88,1.2,1.52,1.76,2.17,2.58
0.23,0.36,0.52,0.7,0.83,1.14,1.46,1.7,2.1,2.52
0.23,0.34,0.54,0.7,0.84,1.16,1.47,1.72,2.13,2.55
0.23,0.34,0.53,0.7,0.85,1.16,1.48,1.73,2.14,2.56
0.22,0.34,0.54,0.74,0.9,1.22,1.54,1.79,2.18,2.61
0.23,0.36,0.55,0.75,0.9,1.22,1.53,1.77,2.16,2.58
0.22,0.37,0.55,0.77,0.92,1.26,1.57,1.8,2.18,2.61
0.22,0.37,0.53,0.74,0.87,1.22,1.52,1.76,2.14,2.56
0.22,0.35,0.52,0.75,0.9,1.24,1.54,1.78,2.17,2.58
0.21,0.36,0.53,0.77,0.92,1.26,1.57,1.79,2.19,2.6
0.23,0.36,0.54,0.8,0.97,1.32,1.63,1.85,2.25,2.66
0.23,0.37,0.56,0.82,0.98,1.35,1.65,1.88,2.29,2.69
0.23,0.38,0.56,0.84,1.01,1.37,1.67,1.89,2.3,2.7
0.25,0.4,0.57,0.85,1.01,1.38,1.69,1.91,2.32,2.72
0.24,0.43,0.61,0.86,1.04,1.4,1.72,1.94,2.35,2.76
0.24,0.4,0.58,0.83,0.99,1.33,1.64,1.87,2.3,2.71
0.22,0.39,0.56,0.78,0.93,1.28,1.6,1.84,2.27,2.68
0.22,0.4,0.56,0.77,0.92,1.28,1.6,1.83,2.26,2.66
0.22,0.41,0.55,0.8,0.96,1.32,1.64,1.88,2.31,2.71
0.21,0.4,0.53,0.75,0.92,1.25,1.57,1.81,2.24,2.66
0.19,0.39,0.52,0.75,0.89,1.23,1.55,1.79,2.22,2.64
0.2,0.39,0.51,0.72,0.87,1.2,1.52,1.76,2.17,2.6
0.19,0.39,0.51,0.74,0.9,1.23,1.55,1.79,2.2,2.62
0.24,0.38,0.51,0.72,0.86,1.2,1.51,1.77,2.18,2.61
0.24,0.36,0.52,0.72,0.88,1.2,1.52,1.77,2.18,2.61
0.26,0.37,0.53,0.74,0.87,1.2,1.51,1.73,2.15,2.58
0.27,0.37,0.54,0.76,0.92,1.24,1.54,1.75,2.18,2.6
0.29,0.38,0.55,0.76,0.91,1.22,1.51,1.71,2.14,2.55
0.28,0.38,0.57,0.79,0.94,1.26,1.55,1.75,2.18,2.59
0.28,0.4,0.58,0.82,0.97,1.29,1.57,1.76,2.18,2.59
0.3,0.43,0.63,0.9,1.08,1.41,1.69,1.87,2.27,2.67
0.31,0.43,0.64,0.89,1.06,1.38,1.67,1.85,2.24,2.64
0.33,0.46,0.67,0.89,1.05,1.38,1.65,1.85,2.24,2.63
0.35,0.48,0.69,0.91,1.05,1.38,1.65,1.84,2.23,2.63
0.35,0.48,0.69,0.92,1.08,1.41,1.68,1.86,2.25,2.65
0.33,0.47,0.67,0.92,1.08,1.4,1.69,1.87,2.27,2.67
0.31,0.46,0.65,0.87,1.03,1.35,1.65,1.83,2.24,2.64
0.32,0.47,0.68,0.9,1.06,1.39,1.67,1.85,2.25,2.65
0.34,0.49,0.68,0.87,1.03,1.37,1.66,1.84,2.23,2.64
0.3,0.49,0.7,0.91,1.07,1.39,1.67,1.85,2.22,2.63
0.29,0.48,0.68,0.89,1.03,1.36,1.63,1.81,2.17,2.58
0.3,0.43,0.6,0.78,0.92,1.23,1.5,1.71,2.09,2.52
0.28,0.43,0.6,0.8,0.94,1.25,1.53,1.73,2.12,2.55
0.28,0.43,0.59,0.78,0.94,1.23,1.51,1.72,2.1,2.54
0.24,0.43,0.6,0.78,0.93,1.23,1.51,1.71,2.08,2.51
0.26,0.43,0.59,0.77,0.91,1.22,1.49,1.68,2.05,2.48
0.26,0.42,0.57,0.73,0.87,1.17,1.44,1.64,2.02,2.44
0.27,0.4,0.55,0.73,0.84,1.14,1.42,1.62,2.01,2.43
0.27,0.41,0.55,0.74,0.85,1.15,1.42,1.62,2,2.43
0.26,0.37,0.52,0.69,0.81,1.1,1.38,1.6,1.99,2.43
0.27,0.36,0.53,0.7,0.81,1.1,1.37,1.57,1.96,2.39
0.27,0.37,0.51,0.7,0.83,1.13,1.41,1.62,1.99,2.43
0.28,0.41,0.56,0.74,0.87,1.17,1.45,1.67,2.03,2.47
0.27,0.41,0.57,0.76,0.89,1.22,1.49,1.71,2.07,2.5
0.27,0.4,0.56,0.75,0.88,1.2,1.49,1.69,2.06,2.5
0.31,0.43,0.58,0.78,0.92,1.25,1.54,1.74,2.12,2.55
0.27,0.38,0.48,0.64,0.76,1.08,1.35,1.57,1.96,2.42
0.27,0.35,0.45,0.61,0.7,1,1.26,1.46,1.83,2.28
0.26,0.35,0.45,0.61,0.71,1,1.26,1.46,1.83,2.27
0.26,0.35,0.46,0.62,0.74,1.03,1.3,1.5,1.86,2.3
0.26,0.36,0.45,0.58,0.71,1.01,1.29,1.49,1.86,2.3
0.28,0.37,0.45,0.59,0.71,1,1.27,1.46,1.81,2.24
0.28,0.35,0.44,0.56,0.66,0.94,1.19,1.37,1.72,2.14
0.27,0.36,0.46,0.58,0.69,0.95,1.2,1.38,1.72,2.14
0.29,0.37,0.47,0.58,0.69,0.97,1.21,1.4,1.72,2.14
0.28,0.36,0.48,0.61,0.71,0.95,1.19,1.37,1.69,2.11
0.31,0.4,0.5,0.66,0.77,1.03,1.27,1.43,1.73,2.14
0.29,0.4,0.52,0.69,0.81,1.1,1.35,1.53,1.82,2.24
0.31,0.4,0.51,0.68,0.8,1.07,1.32,1.48,1.77,2.18
0.32,0.41,0.53,0.68,0.82,1.1,1.36,1.53,1.84,2.25
0.32,0.42,0.52,0.71,0.87,1.15,1.42,1.6,1.9,2.3
0.32,0.44,0.52,0.68,0.85,1.14,1.4,1.59,1.9,2.3
0.31,0.44,0.56,0.7,0.84,1.12,1.38,1.56,1.88,2.27
0.32,0.44,0.56,0.73,0.86,1.15,1.41,1.59,1.91,2.3
0.32,0.44,0.54,0.7,0.82,1.11,1.38,1.57,1.9,2.29
0.33,0.44,0.55,0.71,0.84,1.13,1.4,1.57,1.9,2.29
0.32,0.44,0.55,0.72,0.87,1.15,1.41,1.58,1.9,2.29
0.31,0.43,0.55,0.75,0.87,1.15,1.4,1.57,1.89,2.28
0.31,0.4,0.53,0.73,0.83,1.1,1.35,1.52,1.84,2.23
0.25,0.39,0.53,0.72,0.82,1.09,1.35,1.52,1.83,2.23
0.28,0.38,0.5,0.67,0.76,1.03,1.29,1.46,1.78,2.18
0.29,0.4,0.5,0.67,0.78,1.06,1.33,1.51,1.84,2.24
0.29,0.41,0.5,0.67,0.79,1.07,1.36,1.55,1.88,2.29
0.28,0.42,0.53,0.67,0.78,1.07,1.35,1.55,1.88,2.29
0.26,0.41,0.51,0.64,0.76,1.03,1.31,1.51,1.84,2.25
0.28,0.45,0.56,0.72,0.86,1.13,1.41,1.59,1.91,2.32
0.31,0.45,0.57,0.74,0.86,1.15,1.42,1.59,1.91,2.3
0.29,0.44,0.55,0.71,0.84,1.11,1.38,1.55,1.86,2.25
0.28,0.43,0.55,0.69,0.8,1.07,1.34,1.5,1.83,2.23
0.28,0.45,0.55,0.76,0.88,1.16,1.42,1.57,1.89,2.28
0.29,0.43,0.56,0.71,0.82,1.1,1.36,1.51,1.85,2.23
0.31,0.46,0.56,0.72,0.85,1.14,1.4,1.55,1.9,2.27
0.27,0.45,0.57,0.76,0.87,1.16,1.42,1.57,1.92,2.29
0.3,0.46,0.58,0.74,0.86,1.15,1.41,1.56,1.9,2.27
0.3,0.44,0.58,0.71,0.81,1.12,1.38,1.53,1.89,2.26
0.3,0.44,0.59,0.76,0.88,1.17,1.43,1.58,1.93,2.29
0.29,0.45,0.58,0.76,0.86,1.15,1.4,1.55,1.88,2.24
0.3,0.45,0.58,0.74,0.86,1.15,1.4,1.55,1.88,2.24
0.31,0.46,0.59,0.76,0.87,1.13,1.4,1.56,1.89,2.24
0.33,0.46,0.6,0.78,0.89,1.16,1.43,1.58,1.91,2.27
0.34,0.47,0.62,0.84,0.96,1.23,1.49,1.62,1.96,2.29
0.33,0.49,0.62,0.81,0.92,1.18,1.43,1.57,1.9,2.22
0.33,0.47,0.61,0.8,0.92,1.18,1.44,1.57,1.91,2.23
0.33,0.47,0.61,0.8,0.92,1.19,1.45,1.58,1.9,2.23
0.33,0.47,0.6,0.78,0.91,1.18,1.44,1.57,1.9,2.23
0.33,0.45,0.59,0.8,0.92,1.2,1.47,1.6,1.95,2.28
0.32,0.45,0.56,0.74,0.86,1.13,1.4,1.55,1.9,2.24
0.34,0.49,0.57,0.74,0.86,1.12,1.39,1.54,1.89,2.23
0.35,0.5,0.57,0.78,0.91,1.19,1.46,1.61,1.98,2.32
0.35,0.51,0.58,0.79,0.93,1.23,1.51,1.67,2.05,2.39
0.37,0.53,0.57,0.79,0.92,1.21,1.5,1.68,2.05,2.4
0.36,0.54,0.63,0.8,0.95,1.26,1.56,1.73,2.12,2.47
0.33,0.52,0.62,0.77,0.9,1.21,1.52,1.7,2.1,2.44
0.29,0.49,0.6,0.74,0.87,1.2,1.51,1.71,2.13,2.48
0.3,0.5,0.61,0.77,0.91,1.21,1.51,1.7,2.1,2.44
0.3,0.48,0.6,0.79,0.92,1.22,1.52,1.7,2.1,2.45
0.3,0.49,0.61,0.79,0.93,1.2,1.5,1.69,2.09,2.43
0.22,0.44,0.61,0.79,0.92,1.2,1.48,1.66,2.06,2.39
0.18,0.39,0.6,0.79,0.91,1.18,1.46,1.63,2.02,2.34
0.18,0.4,0.6,0.77,0.9,1.16,1.44,1.62,2.02,2.34
0.25,0.42,0.58,0.76,0.87,1.13,1.41,1.59,2,2.32
0.26,0.42,0.58,0.75,0.86,1.12,1.39,1.56,1.96,2.28
0.27,0.44,0.6,0.75,0.87,1.13,1.41,1.57,1.96,2.29
0.26,0.43,0.59,0.73,0.85,1.12,1.39,1.56,1.95,2.28
0.29,0.45,0.59,0.77,0.88,1.14,1.42,1.6,1.99,2.32
0.32,0.48,0.63,0.8,0.91,1.18,1.46,1.63,2.01,2.34
0.33,0.48,0.64,0.82,0.95,1.22,1.51,1.69,2.08,2.4
0.32,0.48,0.65,0.85,0.98,1.26,1.54,1.72,2.11,2.44
0.33,0.46,0.65,0.86,1,1.28,1.58,1.75,2.14,2.46
0.33,0.46,0.66,0.83,0.99,1.26,1.55,1.73,2.14,2.46
0.35,0.48,0.69,0.87,1.03,1.3,1.58,1.77,2.17,2.5
0.37,0.49,0.68,0.87,0.99,1.31,1.6,1.79,2.19,2.51
0.3,0.45,0.66,0.85,1,1.27,1.56,1.75,2.15,2.48
0.32,0.46,0.66,0.84,1,1.28,1.58,1.8,2.22,2.55
0.34,0.47,0.65,0.81,0.98,1.26,1.56,1.77,2.19,2.52
0.34,0.47,0.66,0.82,0.96,1.24,1.54,1.75,2.18,2.51
0.35,0.48,0.65,0.81,0.96,1.24,1.54,1.76,2.18,2.51
0.35,0.48,0.66,0.84,0.98,1.26,1.55,1.76,2.17,2.5
0.34,0.47,0.66,0.84,0.98,1.25,1.53,1.74,2.15,2.48
0.33,0.46,0.66,0.84,1,1.27,1.56,1.77,2.18,2.52
0.34,0.49,0.66,0.86,1,1.29,1.56,1.77,2.17,2.5
0.33,0.49,0.67,0.86,1.01,1.3,1.59,1.79,2.2,2.53
0.3,0.49,0.68,0.87,1.04,1.33,1.64,1.85,2.26,2.6
0.3,0.49,0.66,0.86,1.02,1.33,1.63,1.86,2.27,2.62
0.34,0.51,0.66,0.86,1,1.31,1.62,1.84,2.25,2.58
0.35,0.5,0.65,0.83,0.99,1.3,1.61,1.83,2.24,2.58
0.37,0.51,0.64,0.81,0.98,1.26,1.57,1.81,2.22,2.56
0.38,0.52,0.64,0.81,0.98,1.26,1.58,1.82,2.25,2.6
0.38,0.52,0.62,0.8,0.95,1.24,1.55,1.79,2.22,2.56
0.41,0.54,0.63,0.82,0.99,1.29,1.6,1.83,2.26,2.6
0.43,0.56,0.71,0.87,1.04,1.34,1.65,1.88,2.29,2.63
0.45,0.56,0.72,0.9,1.12,1.49,1.84,2.07,2.52,2.88
0.48,0.59,0.72,0.92,1.17,1.56,1.92,2.15,2.58,2.94
0.55,0.65,0.77,1,1.27,1.66,2.01,2.23,2.65,2.99
0.51,0.61,0.78,1.02,1.28,1.68,2.03,2.23,2.64,2.97
0.47,0.62,0.76,1,1.28,1.68,2.03,2.22,2.61,2.92
0.44,0.61,0.77,1.04,1.31,1.73,2.08,2.29,2.69,3.01
0.44,0.6,0.77,1.07,1.36,1.8,2.14,2.34,2.7,3.01
0.46,0.6,0.78,1.08,1.36,1.79,2.13,2.33,2.69,3
0.49,0.61,0.78,1.07,1.35,1.77,2.12,2.31,2.69,3
0.51,0.63,0.8,1.12,1.4,1.83,2.17,2.36,2.71,3.02
0.49,0.62,0.81,1.12,1.41,1.83,2.18,2.36,2.71,3.01
0.48,0.6,0.79,1.11,1.38,1.8,2.13,2.32,2.68,2.99
0.48,0.6,0.78,1.09,1.37,1.78,2.12,2.3,2.66,2.95
0.48,0.62,0.8,1.11,1.4,1.83,2.18,2.37,2.73,3.02
0.48,0.6,0.82,1.14,1.45,1.9,2.25,2.45,2.82,3.1
0.49,0.61,0.8,1.11,1.4,1.84,2.2,2.4,2.78,3.08
0.49,0.63,0.82,1.13,1.42,1.84,2.19,2.39,2.76,3.05
0.49,0.63,0.83,1.12,1.41,1.84,2.18,2.39,2.77,3.08
0.52,0.63,0.85,1.1,1.39,1.8,2.14,2.34,2.73,3.02
0.51,0.62,0.84,1.12,1.4,1.83,2.2,2.4,2.81,3.1
0.54,0.64,0.85,1.15,1.43,1.89,2.26,2.47,2.87,3.16
0.51,0.64,0.85,1.15,1.44,1.9,2.26,2.49,2.86,3.16
0.54,0.66,0.88,1.17,1.46,1.92,2.26,2.48,2.85,3.14
0.55,0.66,0.92,1.27,1.57,2.02,2.34,2.54,2.86,3.14
0.51,0.65,0.91,1.29,1.61,2.1,2.42,2.6,2.89,3.16
0.51,0.65,0.91,1.28,1.59,2.07,2.41,2.6,2.91,3.19
0.52,0.65,0.9,1.24,1.55,2.03,2.35,2.54,2.85,3.12
0.52,0.66,0.9,1.25,1.56,2.06,2.38,2.57,2.88,3.15
0.52,0.65,0.88,1.21,1.54,2.04,2.35,2.55,2.86,3.12
0.51,0.65,0.87,1.22,1.54,2.04,2.36,2.55,2.86,3.12
0.52,0.65,0.87,1.22,1.54,2.04,2.35,2.55,2.86,3.12
0.51,0.66,0.89,1.28,1.58,2.07,2.37,2.57,2.88,3.14
0.53,0.62,0.9,1.26,1.55,2.02,2.32,2.51,2.83,3.09
0.47,0.62,0.85,1.22,1.49,1.96,2.3,2.49,2.82,3.08
0.51,0.62,0.85,1.2,1.47,1.93,2.25,2.45,2.79,3.06
0.02,0.11,0.25,0.66,1.07,1.61,1.92,2.12,2.41,2.69
0.03,0.1,0.26,0.68,1.06,1.57,1.85,2.04,2.32,2.6
0.03,0.1,0.25,0.65,1.02,1.5,1.78,1.97,2.25,2.52
0.03,0.09,0.25,0.62,1,1.47,1.76,1.96,2.25,2.52
0.03,0.08,0.23,0.62,1,1.5,1.81,2.03,2.33,2.59
0.02,0.08,0.22,0.59,0.96,1.45,1.75,1.98,2.29,2.55
0.03,0.09,0.19,0.56,0.91,1.39,1.69,1.92,2.23,2.49
0.03,0.08,0.2,0.54,0.88,1.37,1.67,1.91,2.24,2.49
0.04,0.09,0.18,0.51,0.83,1.33,1.62,1.86,2.2,2.47
0.03,0.08,0.16,0.44,0.75,1.22,1.53,1.77,2.12,2.4
0.03,0.07,0.17,0.49,0.8,1.29,1.6,1.83,2.17,2.44
0.03,0.08,0.17,0.53,0.85,1.31,1.61,1.82,2.15,2.39
0.03,0.08,0.17,0.53,0.87,1.35,1.66,1.87,2.2,2.44
0.03,0.08,0.17,0.53,0.9,1.39,1.69,1.9,2.21,2.46
0.02,0.07,0.17,0.52,0.86,1.33,1.62,1.81,2.12,2.38
0.03,0.08,0.18,0.54,0.89,1.36,1.64,1.83,2.14,2.4
0.02,0.08,0.17,0.54,0.87,1.34,1.62,1.83,2.15,2.4
0.02,0.08,0.17,0.5,0.81,1.25,1.53,1.73,2.05,2.29
0.03,0.07,0.17,0.51,0.84,1.28,1.59,1.77,2.11,2.33
0.02,0.07,0.18,0.47,0.77,1.18,1.49,1.68,2.04,2.25
0.02,0.07,0.17,0.49,0.78,1.19,1.49,1.68,2.07,2.25
0.02,0.07,0.21,0.52,0.85,1.28,1.6,1.79,2.16,2.37
0.01,0.06,0.2,0.52,0.86,1.29,1.61,1.81,2.17,2.39
0.02,0.06,0.2,0.52,0.87,1.3,1.62,1.83,2.2,2.42
0.02,0.07,0.26,0.65,1.03,1.48,1.77,1.95,2.28,2.51
0.01,0.08,0.24,0.65,1.04,1.49,1.78,1.96,2.28,2.52
0.01,0.08,0.25,0.67,1.05,1.52,1.82,2.01,2.33,2.58
0.01,0.07,0.24,0.67,1.06,1.53,1.83,2,2.33,2.57
0.02,0.07,0.23,0.61,1.02,1.5,1.81,1.99,2.33,2.58
0.01,0.07,0.23,0.66,1.03,1.53,1.84,2.02,2.39,2.63
0.02,0.07,0.25,0.7,1.1,1.62,1.95,2.14,2.49,2.73
0.02,0.07,0.23,0.62,1,1.52,1.86,2.07,2.46,2.7
0.02,0.07,0.23,0.67,1.05,1.58,1.92,2.11,2.5,2.73
0.02,0.07,0.23,0.67,1.07,1.61,1.94,2.13,2.5,2.73
0.02,0.08,0.22,0.64,1.03,1.56,1.88,2.06,2.44,2.66
0.02,0.08,0.22,0.6,0.97,1.47,1.79,1.99,2.38,2.6
0.02,0.07,0.21,0.61,0.98,1.47,1.78,1.96,2.35,2.56
0.03,0.07,0.22,0.66,1.04,1.54,1.86,2.03,2.39,2.63
0.02,0.07,0.22,0.63,1.01,1.5,1.82,2,2.38,2.6
0.02,0.08,0.22,0.66,1.06,1.57,1.89,2.08,2.46,2.68
0.02,0.08,0.26,0.68,1.09,1.61,1.94,2.12,2.49,2.71
0.01,0.08,0.26,0.66,1.07,1.6,1.93,2.12,2.49,2.72
0.02,0.08,0.25,0.65,1.05,1.57,1.9,2.11,2.49,2.71
0.01,0.08,0.27,0.73,1.16,1.7,2.04,2.24,2.63,2.83
0.02,0.1,0.27,0.7,1.13,1.66,1.99,2.2,2.58,2.8
0.02,0.1,0.25,0.7,1.1,1.62,1.94,2.14,2.51,2.73
0.03,0.1,0.25,0.7,1.09,1.6,1.92,2.11,2.47,2.69
0.03,0.1,0.24,0.67,1.06,1.59,1.91,2.1,2.47,2.69
0.03,0.11,0.24,0.68,1.07,1.6,1.93,2.13,2.48,2.7
0.05,0.15,0.26,0.66,1.06,1.57,1.9,2.1,2.45,2.67
0.05,0.15,0.27,0.7,1.07,1.56,1.87,2.06,2.4,2.61
0.03,0.12,0.23,0.57,0.92,1.41,1.73,1.93,2.31,2.51
0.03,0.12,0.26,0.63,0.99,1.48,1.79,1.98,2.33,2.54
0.01,0.11,0.24,0.6,0.95,1.42,1.73,1.93,2.29,2.5
0.03,0.11,0.24,0.6,0.93,1.41,1.71,1.92,2.29,2.51
0.02,0.11,0.24,0.58,0.91,1.37,1.68,1.88,2.24,2.46
0.04,0.11,0.25,0.59,0.94,1.41,1.73,1.93,2.28,2.5
0.03,0.13,0.28,0.61,0.98,1.47,1.81,2.01,2.37,2.6
0.04,0.12,0.27,0.58,0.92,1.42,1.74,1.95,2.29,2.53
0.04,0.14,0.27,0.58,0.93,1.41,1.74,1.96,2.32,2.55
0.03,0.14,0.26,0.56,0.89,1.37,1.71,1.94,2.31,2.54
0.03,0.12,0.27,0.55,0.86,1.32,1.65,1.87,2.23,2.47
0.02,0.1,0.25,0.55,0.87,1.35,1.69,1.92,2.29,2.53
0.02,0.1,0.21,0.49,0.8,1.26,1.6,1.85,2.24,2.49
0.03,0.1,0.21,0.51,0.83,1.31,1.67,1.92,2.31,2.57
0.02,0.1,0.22,0.52,0.85,1.32,1.66,1.89,2.27,2.52
0.03,0.1,0.22,0.54,0.86,1.35,1.68,1.92,2.28,2.53
0.03,0.1,0.22,0.56,0.89,1.4,1.73,1.97,2.35,2.61
0.02,0.09,0.24,0.57,0.91,1.41,1.73,1.96,2.33,2.58
0.03,0.11,0.23,0.54,0.89,1.38,1.71,1.94,2.33,2.58
0.02,0.1,0.23,0.53,0.85,1.34,1.67,1.9,2.29,2.54
0.02,0.08,0.23,0.51,0.85,1.33,1.66,1.91,2.3,2.55
0.02,0.08,0.22,0.5,0.81,1.31,1.64,1.9,2.31,2.56
0.01,0.08,0.23,0.51,0.84,1.31,1.63,1.87,2.26,2.51
0.03,0.1,0.24,0.55,0.86,1.33,1.65,1.9,2.31,2.56
0.03,0.09,0.23,0.55,0.86,1.35,1.67,1.92,2.33,2.58
0.03,0.1,0.23,0.57,0.91,1.41,1.75,1.99,2.42,2.66
0.03,0.09,0.24,0.55,0.87,1.37,1.7,1.96,2.38,2.63
0.03,0.1,0.24,0.54,0.84,1.34,1.68,1.93,2.36,2.62
0.02,0.1,0.25,0.54,0.87,1.36,1.69,1.94,2.36,2.61
0.02,0.09,0.24,0.56,0.9,1.39,1.75,2,2.42,2.68
0.01,0.07,0.25,0.56,0.91,1.43,1.8,2.06,2.49,2.76
0.01,0.06,0.24,0.58,0.91,1.43,1.79,2.05,2.49,2.75
0.01,0.05,0.25,0.6,0.97,1.5,1.87,2.12,2.57,2.82
0.02,0.08,0.25,0.6,0.96,1.51,1.9,2.16,2.62,2.88
0.01,0.08,0.24,0.62,1,1.54,1.92,2.19,2.64,2.9
0.02,0.08,0.25,0.65,1.03,1.58,1.97,2.25,2.72,2.98
0.01,0.08,0.24,0.63,1.02,1.55,1.93,2.18,2.63,2.9
0.01,0.08,0.23,0.59,0.96,1.5,1.89,2.16,2.63,2.9
0.02,0.09,0.25,0.62,1.02,1.59,2,2.28,2.76,3.03
0.03,0.09,0.25,0.61,1,1.58,2,2.28,2.75,3.02
0.02,0.09,0.24,0.59,0.97,1.57,2,2.27,2.79,3.07
0.01,0.08,0.23,0.56,0.91,1.51,1.94,2.23,2.76,3.03
0.02,0.09,0.23,0.55,0.9,1.46,1.87,2.14,2.66,2.93
0.02,0.08,0.22,0.58,0.95,1.54,1.95,2.23,2.75,3.02
0.02,0.07,0.23,0.63,1.01,1.6,2.01,2.27,2.79,3.05
0.02,0.08,0.23,0.6,0.98,1.57,1.98,2.26,2.79,3.06
0.02,0.07,0.22,0.6,0.95,1.53,1.92,2.19,2.71,2.98
0.02,0.08,0.23,0.64,1.01,1.57,1.96,2.21,2.73,2.99
0.02,0.09,0.24,0.64,0.99,1.54,1.9,2.14,2.64,2.89
0.01,0.09,0.27,0.64,1,1.53,1.9,2.14,2.63,2.88
0.01,0.08,0.26,0.62,0.97,1.51,1.89,2.13,2.64,2.89
0.01,0.06,0.26,0.61,0.94,1.49,1.86,2.12,2.63,2.88
0.02,0.07,0.26,0.64,0.99,1.55,1.93,2.19,2.69,2.94
0.01,0.07,0.26,0.64,1.02,1.61,2.01,2.27,2.77,3.02
0.02,0.07,0.26,0.69,1.07,1.69,2.12,2.38,2.87,3.11
0.02,0.08,0.27,0.66,1.04,1.65,2.05,2.31,2.78,3.03
0.03,0.08,0.29,0.73,1.13,1.75,2.16,2.41,2.87,3.11
0.02,0.09,0.27,0.7,1.09,1.72,2.13,2.39,2.86,3.11
0.02,0.08,0.27,0.72,1.12,1.74,2.16,2.42,2.89,3.15
0.02,0.1,0.28,0.75,1.15,1.8,2.22,2.5,2.96,3.22
0.01,0.1,0.28,0.73,1.12,1.74,2.14,2.39,2.84,3.11
0.02,0.1,0.28,0.74,1.12,1.75,2.15,2.39,2.84,3.1
0.02,0.11,0.28,0.72,1.1,1.71,2.11,2.36,2.83,3.09
0.01,0.11,0.28,0.71,1.08,1.68,2.07,2.32,2.79,3.06
0.01,0.1,0.27,0.67,1.03,1.63,2.05,2.32,2.82,3.09
0.01,0.08,0.26,0.66,1.03,1.65,2.08,2.35,2.86,3.14
0.01,0.05,0.25,0.65,0.99,1.59,1.99,2.26,2.76,3.05
0.01,0.08,0.27,0.68,1.06,1.68,2.1,2.37,2.87,3.16
0.01,0.09,0.3,0.7,1.07,1.71,2.14,2.42,2.92,3.2
0.01,0.08,0.3,0.68,1.06,1.69,2.12,2.38,2.87,3.16
0.01,0.07,0.29,0.68,1.06,1.7,2.14,2.4,2.88,3.16
0.01,0.08,0.29,0.72,1.09,1.75,2.2,2.49,2.98,3.25
0.02,0.11,0.27,0.64,1,1.62,2.05,2.33,2.82,3.09
0.01,0.11,0.28,0.64,1.01,1.63,2.07,2.35,2.83,3.11
0.01,0.13,0.28,0.69,1.08,1.7,2.14,2.43,2.92,3.2
0.01,0.1,0.26,0.64,1.01,1.64,2.09,2.4,2.9,3.19
0.02,0.09,0.26,0.6,0.95,1.56,2,2.3,2.78,3.08
0.02,0.08,0.25,0.58,0.96,1.55,1.98,2.27,2.74,3.04
0.02,0.08,0.24,0.55,0.91,1.5,1.92,2.22,2.69,2.99
0.03,0.08,0.25,0.6,0.95,1.58,2.01,2.32,2.8,3.11
0.01,0.09,0.28,0.65,1.04,1.68,2.12,2.42,2.91,3.2
0.02,0.1,0.28,0.69,1.06,1.71,2.14,2.44,2.92,3.21
0.01,0.1,0.27,0.66,1.03,1.67,2.1,2.41,2.9,3.2
0.02,0.11,0.28,0.64,1,1.63,2.05,2.36,2.83,3.13
0.02,0.1,0.29,0.67,1.05,1.66,2.07,2.36,2.81,3.11
0.03,0.11,0.29,0.68,1.05,1.67,2.07,2.34,2.77,3.08
0.04,0.14,0.31,0.71,1.09,1.72,2.11,2.38,2.79,3.1
0.03,0.13,0.34,0.71,1.07,1.69,2.08,2.35,2.77,3.08
0.04,0.13,0.34,0.75,1.08,1.69,2.07,2.33,2.73,3.04
0.03,0.13,0.33,0.71,1.06,1.65,2.03,2.28,2.67,2.98
0.04,0.14,0.32,0.7,1.04,1.64,2.02,2.27,2.67,2.96
0.05,0.15,0.32,0.68,1,1.58,1.96,2.23,2.64,2.93
0.05,0.14,0.32,0.69,1.03,1.61,1.99,2.26,2.66,2.96
0.06,0.14,0.33,0.7,1.05,1.62,2.02,2.29,2.69,2.99
0.07,0.15,0.36,0.72,1.07,1.62,2.02,2.28,2.66,2.96
0.08,0.14,0.33,0.67,1,1.54,1.93,2.2,2.61,2.92
0.08,0.17,0.33,0.68,0.99,1.52,1.89,2.16,2.55,2.86
0.08,0.18,0.37,0.74,1.08,1.6,1.97,2.23,2.59,2.9
0.08,0.19,0.38,0.73,1.1,1.65,2.02,2.28,2.64,2.94
0.04,0.2,0.35,0.71,1.08,1.62,1.98,2.23,2.59,2.9
0.06,0.23,0.38,0.73,1.08,1.59,1.93,2.18,2.52,2.83
0.12,0.24,0.4,0.73,1.09,1.62,1.98,2.24,2.58,2.89
0.1,0.23,0.37,0.68,1.03,1.53,1.89,2.15,2.5,2.81
0.1,0.22,0.37,0.67,1.01,1.52,1.88,2.14,2.52,2.84
0.1,0.24,0.4,0.72,1.06,1.58,1.94,2.19,2.54,2.86
0.09,0.25,0.41,0.73,1.08,1.61,1.96,2.2,2.54,2.84
0.1,0.24,0.4,0.72,1.07,1.58,1.92,2.16,2.51,2.81
0.07,0.25,0.42,0.74,1.07,1.6,1.95,2.2,2.56,2.87
0.05,0.22,0.39,0.67,0.98,1.5,1.85,2.12,2.49,2.81
0.02,0.22,0.39,0.69,1,1.5,1.84,2.09,2.45,2.76
0.03,0.21,0.36,0.64,0.95,1.44,1.79,2.05,2.44,2.74
0.06,0.2,0.33,0.59,0.9,1.39,1.75,2.01,2.42,2.73
0.07,0.19,0.36,0.67,0.98,1.48,1.86,2.12,2.54,2.84
0.06,0.2,0.35,0.67,0.98,1.49,1.9,2.18,2.64,2.94
0.06,0.22,0.36,0.68,0.99,1.49,1.91,2.18,2.61,2.93
0.06,0.25,0.38,0.72,1.04,1.52,1.92,2.19,2.61,2.92
0.08,0.27,0.39,0.74,1.07,1.54,1.94,2.21,2.64,2.95
0.03,0.26,0.39,0.7,1.03,1.49,1.89,2.17,2.62,2.93
0.03,0.25,0.37,0.72,1.04,1.52,1.92,2.2,2.66,2.97
0.02,0.24,0.36,0.71,1,1.49,1.9,2.18,2.64,2.95
0.02,0.23,0.36,0.71,1,1.47,1.85,2.13,2.58,2.89
0.06,0.27,0.39,0.74,1.05,1.53,1.92,2.2,2.66,2.97
0.03,0.26,0.39,0.75,1.06,1.53,1.91,2.21,2.64,2.96
0.02,0.25,0.39,0.75,1.06,1.55,1.93,2.23,2.66,2.98
0.04,0.25,0.4,0.71,1.03,1.52,1.89,2.2,2.63,2.95
0.07,0.26,0.4,0.73,1.03,1.51,1.88,2.18,2.62,2.95
0.07,0.27,0.47,0.82,1.12,1.61,1.99,2.28,2.73,3.06
0.06,0.24,0.46,0.82,1.13,1.62,2.01,2.3,2.75,3.08
0.01,0.16,0.39,0.7,1,1.5,1.9,2.21,2.69,3.02
0,0.1,0.35,0.69,0.97,1.45,1.83,2.13,2.58,2.93
0.01,0.11,0.36,0.72,1.01,1.51,1.9,2.2,2.67,3.02
0,0.1,0.35,0.69,0.97,1.44,1.83,2.14,2.6,2.94
0.01,0.09,0.34,0.7,1,1.47,1.85,2.16,2.6,2.95
0.01,0.09,0.32,0.67,0.97,1.44,1.84,2.13,2.55,2.91
0,0.07,0.35,0.7,1,1.48,1.87,2.17,2.6,2.96
0.01,0.1,0.34,0.67,0.97,1.42,1.8,2.1,2.51,2.87
0.01,0.09,0.33,0.64,0.92,1.37,1.74,2.05,2.48,2.85
0,0.08,0.33,0.64,0.92,1.37,1.75,2.06,2.51,2.87
0,0.08,0.31,0.64,0.92,1.37,1.75,2.05,2.49,2.85
0,0.06,0.25,0.58,0.85,1.29,1.67,1.99,2.44,2.82
0.01,0.06,0.26,0.61,0.89,1.35,1.74,2.07,2.52,2.9
0,0.07,0.26,0.61,0.9,1.34,1.72,2.05,2.5,2.88
0,0.08,0.27,0.65,0.92,1.37,1.75,2.08,2.51,2.89
0,0.07,0.27,0.65,0.93,1.4,1.79,2.12,2.56,2.96
0.01,0.07,0.28,0.65,0.96,1.41,1.8,2.12,2.55,2.94
0.01,0.08,0.27,0.64,0.92,1.36,1.74,2.06,2.49,2.89
0,0.08,0.21,0.57,0.84,1.29,1.66,1.99,2.42,2.84
0.01,0.08,0.22,0.61,0.9,1.34,1.72,2.04,2.46,2.87
0.01,0.07,0.23,0.61,0.91,1.36,1.73,2.04,2.46,2.87
0.02,0.12,0.23,0.61,0.89,1.35,1.73,2.04,2.48,2.89
0.02,0.12,0.23,0.66,0.93,1.4,1.78,2.08,2.53,2.92
0.01,0.12,0.23,0.64,0.91,1.37,1.74,2.04,2.48,2.87
0,0.11,0.23,0.61,0.89,1.36,1.74,2.04,2.48,2.87
0.01,0.13,0.24,0.66,0.94,1.43,1.81,2.09,2.54,2.9
0.02,0.16,0.25,0.66,0.94,1.41,1.78,2.07,2.5,2.87
0.03,0.18,0.29,0.65,0.92,1.38,1.75,2.05,2.48,2.86
0.04,0.21,0.33,0.73,1,1.47,1.83,2.1,2.5,2.87
0.07,0.21,0.33,0.75,1.05,1.53,1.9,2.19,2.6,2.96
0.08,0.23,0.34,0.75,1.05,1.52,1.88,2.16,2.57,2.93
0.08,0.27,0.37,0.77,1.08,1.57,1.93,2.2,2.6,2.95
0.06,0.26,0.39,0.8,1.1,1.59,1.96,2.23,2.65,3
0.05,0.27,0.4,0.84,1.16,1.64,1.99,2.25,2.66,3
0.05,0.27,0.42,0.85,1.16,1.65,2,2.26,2.68,3.01
0.08,0.32,0.47,0.9,1.23,1.73,2.09,2.34,2.76,3.09
0.14,0.34,0.47,0.89,1.27,1.75,2.11,2.36,2.79,3.12
0.13,0.34,0.51,0.87,1.22,1.72,2.08,2.32,2.76,3.1
0.14,0.35,0.51,0.89,1.24,1.73,2.09,2.32,2.75,3.09
0.14,0.31,0.5,0.86,1.2,1.67,2.05,2.28,2.72,3.06
0.15,0.33,0.5,0.88,1.18,1.66,2.02,2.27,2.72,3.07
0.14,0.34,0.5,0.86,1.18,1.66,2.02,2.25,2.69,3.04
0.12,0.31,0.49,0.9,1.21,1.69,2.04,2.27,2.7,3.04
0.11,0.31,0.49,0.91,1.21,1.68,2.02,2.24,2.66,3
0.12,0.31,0.49,0.93,1.23,1.7,2.04,2.26,2.68,3.02
0.14,0.35,0.5,0.94,1.26,1.7,2.03,2.25,2.66,3
0.16,0.36,0.52,0.93,1.23,1.66,2.01,2.24,2.65,3
0.19,0.39,0.52,0.93,1.25,1.66,2.01,2.23,2.64,3
0.18,0.38,0.5,0.92,1.23,1.64,1.99,2.22,2.64,3
0.22,0.42,0.51,0.94,1.24,1.65,1.99,2.21,2.63,2.98
0.21,0.42,0.51,0.91,1.19,1.59,1.93,2.15,2.55,2.91
0.21,0.42,0.52,0.94,1.23,1.63,1.97,2.18,2.55,2.91
0.21,0.45,0.57,0.96,1.27,1.74,2.1,2.33,2.72,3.07
0.23,0.49,0.6,0.96,1.25,1.71,2.06,2.28,2.65,3.01
0.29,0.57,0.67,0.94,1.24,1.67,2.02,2.23,2.59,2.95
0.27,0.58,0.76,0.94,1.25,1.68,2.02,2.24,2.61,2.97
0.26,0.53,0.72,0.93,1.22,1.64,1.99,2.22,2.59,2.97
0.24,0.55,0.71,0.95,1.25,1.68,2.03,2.24,2.6,2.98
0.23,0.52,0.68,0.88,1.16,1.56,1.91,2.13,2.49,2.87
0.26,0.54,0.68,0.97,1.25,1.66,2.02,2.23,2.59,2.96
0.25,0.54,0.69,0.98,1.29,1.71,2.06,2.28,2.62,3
0.27,0.51,0.7,1.02,1.35,1.75,2.11,2.3,2.65,3.02
0.23,0.48,0.69,1,1.33,1.73,2.05,2.24,2.57,2.94
0.19,0.47,0.67,0.97,1.27,1.67,2,2.19,2.54,2.9
0.24,0.51,0.64,0.96,1.28,1.67,2,2.2,2.55,2.92
0.21,0.47,0.66,0.99,1.31,1.71,2.04,2.24,2.6,2.96
0.2,0.47,0.65,1.01,1.32,1.74,2.07,2.27,2.64,3
0.2,0.49,0.64,1.03,1.33,1.73,2.06,2.25,2.61,2.96
0.23,0.51,0.66,1.05,1.33,1.73,2.05,2.24,2.59,2.95
0.23,0.5,0.67,1.09,1.38,1.81,2.12,2.32,2.69,3.04
0.21,0.47,0.64,1.08,1.36,1.8,2.14,2.31,2.69,3.04
0.16,0.49,0.65,1.06,1.31,1.76,2.09,2.27,2.67,3.01
